fight_id,date,fighter_a,fighter_b,target,raw_probability,platt_probability,split
1021,2024-05-18,Edson Barboza,Lerone Murphy,0,0.3154763774618208,0.2197954217657009,calibration
1022,2024-05-18,Khaos Williams,Carlston Harris,1,0.6886882986041508,0.6292621630476791,calibration
1023,2024-05-18,Themba Gorimbo,Ramiz Brahimaj,1,0.7655906830221137,0.7261317323794344,calibration
1024,2024-05-18,Adrian Yanez,Vinicius Salvador,1,0.6192459625285761,0.5440934419640874,calibration
1025,2024-05-18,Luana Pinheiro,Angela Hill,0,0.7502723889290952,0.7067125324524388,calibration
1026,2024-05-18,Victor Martinez,Tom Nolan,0,0.6455261202268654,0.5759817734901774,calibration
1027,2024-05-18,Oumar Sy,Tuco Tokkos,1,0.8441016279613265,0.8254639106866667,calibration
1028,2024-05-18,Tamires Vidal,Melissa Gatto,0,0.5587250669718703,0.47257733401454477,calibration
1029,2024-05-18,Abus Magomedov,Warlley Alves,1,0.7523237566586566,0.709311023182621,calibration
1030,2024-05-18,Piera Rodriguez,Ariane Carnelossi,0,0.722613973051906,0.6717716450727849,calibration
1031,2024-05-18,Alatengheili,Kleydson Rodrigues,1,0.5132256070082785,0.4208217232135501,calibration
1032,2024-05-18,Vanessa Demopoulos,Emily Ducote,1,0.446510088935679,0.3484444824050859,calibration
1009,2024-06-01,Islam Makhachev,Dustin Poirier,1,0.8812154775329271,0.8715087864676448,calibration
1010,2024-06-01,Sean Strickland,Paulo Costa,1,0.713461649181561,0.6602592903013005,calibration
1011,2024-06-01,Kevin Holland,Michal Oleksiejczuk,1,0.6291427362784755,0.5560480170487563,calibration
1012,2024-06-01,Niko Price,Alex Morono,1,0.563604037632803,0.4782343418206374,calibration
1013,2024-06-01,Randy Brown,Elizeu Zaleski dos Santos,1,0.7456476059354744,0.7008571809334805,calibration
1014,2024-06-01,Cesar Almeida,Roman Kopylov,0,0.6803557541598585,0.6188983799969375,calibration
1015,2024-06-01,Jailton Almeida,Alexandr Romanov,1,0.8403923224308699,0.8208107983840788,calibration
1016,2024-06-01,Grant Dawson,Joe Solecki,1,0.719129347567526,0.6673850539340397,calibration
1017,2024-06-01,Phil Rowe,Jake Matthews,0,0.6517911049959039,0.5836495041285494,calibration
1018,2024-06-01,Mickey Gall,Bassil Hafez,0,0.5744146205623815,0.49083941246417995,calibration
1019,2024-06-01,Ailin Perez,Joselyne Edwards,1,0.6260116615100927,0.5522586318912079,calibration
1020,2024-06-01,Mitch Raposo,Andre Lima,0,0.5726080654004366,0.4887262944556925,calibration
995,2024-06-08,Jared Cannonier,Nassourdine Imavov,0,0.49160388834020713,0.3968908946884246,calibration
996,2024-06-08,Dominick Reyes,Dustin Jacoby,1,0.6994062858330392,0.6426408403408156,calibration
997,2024-06-08,Raul Rosas Jr.,Ricky Turcios,1,0.7354026897995454,0.6879029891374959,calibration
998,2024-06-08,Brunno Ferreira,Dustin Stoltzfus,1,0.6791053006106379,0.6173460735541745,calibration
999,2024-06-08,Julian Marquez,Zach Reese,0,0.6537168687590454,0.5860112606451442,calibration
1000,2024-06-08,Miguel Baeza,Punahele Soriano,0,0.7482508298289787,0.7041525578382942,calibration
1001,2024-06-08,Thiago Moises,Ludovit Klein,0,0.5608700023821421,0.4750618499145562,calibration
1002,2024-06-08,Charles Radtke,Carlos Prates,0,0.7105897301338155,0.6566530112162516,calibration
1003,2024-06-08,Brad Katona,Jesse Butler,1,0.6179359169582181,0.5425161020070984,calibration
1004,2024-06-08,Andrea Lee,Montana De La Rosa,0,0.4810755153064689,0.3854000237894684,calibration
1005,2024-06-08,John Castaneda,Daniel Marcos,0,0.5850713377649638,0.503358071403868,calibration
1006,2024-06-08,Eduarda Moura,Denise Gomes,0,0.740201501466169,0.6939677503930681,calibration
1007,2024-06-08,Cody Stamann,Taylor Lapilus,0,0.4551069704116567,0.35752377217495995,calibration
1008,2024-06-08,Rayanne dos Santos,Puja Tomar,0,0.6539825522558724,0.586337269728859,calibration
984,2024-06-15,Alex Perez,Tatsuro Taira,0,0.36941862168106193,0.27048399347217345,calibration
985,2024-06-15,Douglas Silva de Andrade,Miles Johns,0,0.33277240942674463,0.23569099948822494,calibration
986,2024-06-15,Timmy Cuamba,Lucas Almeida,0,0.7321808006607493,0.6838345161437176,calibration
987,2024-06-15,Brady Hiestand,Garrett Armfield,1,0.5962340757630358,0.5165671814308507,calibration
988,2024-06-15,Asu Almabayev,Jose Johnson,1,0.6031471045851549,0.5247953602032001,calibration
989,2024-06-15,Josh Quinlan,Adam Fugitt,0,0.5820052365894217,0.49974695859625623,calibration
990,2024-06-15,Jimmy Flick,Nate Maness,0,0.400034056138549,0.30068610243464206,calibration
991,2024-06-15,Carli Judice,Gabriella Fernandes,0,0.7420067429863818,0.696250675383483,calibration
992,2024-06-15,Jeka Saragih,Westin Wilson,0,0.7102202213093572,0.656189243795066,calibration
993,2024-06-15,Melquizael Costa,Shayilan Nuerdanbieke,1,0.6947611644994767,0.6368362351681549,calibration
994,2024-06-15,Josefine Knutsson,Julia Polastri,1,0.6229880968323841,0.5486057205982245,calibration
973,2024-06-22,Robert Whittaker,Ikram Aliskerov,1,0.7331235563684269,0.6850246976284426,calibration
974,2024-06-22,Sergei Pavlovich,Alexander Volkov,0,0.7757832660831803,0.7390665917177187,calibration
975,2024-06-22,Kelvin Gastelum,Daniel Rodriguez,1,0.6069717554755758,0.5293629741490234,calibration
976,2024-06-22,Shara Magomedov,Antonio Trocoli,1,0.7555300859546972,0.713373952358409,calibration
977,2024-06-22,Johnny Walker,Volkan Oezdemir,0,0.7308864399260353,0.6822008566011811,calibration
978,2024-06-22,Nasrat Haqparast,Jared Gordon,1,0.731237552806741,0.682643961975616,calibration
979,2024-06-22,Muhammad Naimov,Felipe Lima,0,0.6917196868334914,0.6330407827009938,calibration
980,2024-06-22,Rinat Fakhretdinov,Nicolas Dalby,1,0.8080621571679022,0.7800158103288363,calibration
981,2024-06-22,Kyung Ho Kang,Muin Gafurov,0,0.46703121276203297,0.37024067675756717,calibration
982,2024-06-22,Magomed Gadzhiyasulov,Brendson Ribeiro,1,0.6593757861119295,0.592964119915102,calibration
983,2024-06-22,Xiao Long,ChangHo Lee,0,0.7531490586052798,0.7103566499982699,calibration
960,2024-06-29,Alex Pereira,Jiri Prochazka,1,0.6703698653599806,0.6065245879688285,calibration
961,2024-06-29,Dan Ige,Diego Lopes,0,0.63514140204711,0.5633263029462778,calibration
962,2024-06-29,Anthony Smith,Roman Dolidze,0,0.6440680571218028,0.5742007377632882,calibration
963,2024-06-29,Mayra Bueno Silva,Macy Chiasson,0,0.4619374340533415,0.36479083558785064,calibration
964,2024-06-29,Ian Machado Garry,Michael Page,1,0.8332290377540411,0.8118057184031497,calibration
965,2024-06-29,Joe Pyfer,Marc-Andre Barriault,1,0.7745704720916031,0.7375272021374071,calibration
966,2024-06-29,Cub Swanson,Andre Fili,0,0.5375469573223978,0.44825842857279724,calibration
967,2024-06-29,Charles Jourdain,Jean Silva,0,0.44979298323354183,0.3519027248445144,calibration
968,2024-06-29,Payton Talbott,Yanis Ghemmouri,1,0.7499730898259964,0.7063334704664482,calibration
969,2024-06-29,Michelle Waterson-Gomez,Gillian Robertson,0,0.33563462732366234,0.23835425948097036,calibration
970,2024-06-29,Andrei Arlovski,Martin Buday,0,0.2659161944004411,0.1761646908080548,calibration
971,2024-06-29,Rei Tsuruya,Carlos Hernandez,1,0.75501342116418,0.7127191437804384,calibration
972,2024-06-29,Ricky Simon,Vinicius Oliveira,0,0.6429616106665779,0.5728500975246352,calibration
949,2024-07-13,Rose Namajunas,Tracy Cortez,1,0.5055610710713975,0.4122881412232328,calibration
950,2024-07-13,Santiago Ponzinibbio,Muslim Salikhov,0,0.6320764085160699,0.5596044988161969,calibration
951,2024-07-13,Drew Dober,Jean Silva,0,0.4596425837957123,0.36234406185420603,calibration
952,2024-07-13,Gabriel Bonfim,Ange Loosa,1,0.7115415246532399,0.6578478397597471,calibration
953,2024-07-13,Julian Erosa,Christian Rodriguez,1,0.3493744736254384,0.25126757708911907,calibration
954,2024-07-13,Joshua Van,Charles Johnson,0,0.7543430750559049,0.7118696258509841,calibration
955,2024-07-13,Jasmine Jasudavicius,Fatima Kline,1,0.4931841791463827,0.398624901437921,calibration
956,2024-07-13,Montel Jackson,Da'Mon Blackshear,1,0.7008775197983275,0.644481265853369,calibration
957,2024-07-13,Luana Santos,Mariya Agapova,1,0.7119570407363227,0.6583695622938708,calibration
958,2024-07-13,Josh Fremd,Andre Petroski,0,0.597486566405195,0.5180552700812865,calibration
959,2024-07-13,Evan Elder,Darrius Flowers,1,0.6965781766776545,0.6391056676789141,calibration
938,2024-07-20,Amanda Lemos,Virna Jandiroba,0,0.4970633292348838,0.4028915307075874,calibration
939,2024-07-20,Steve Garcia,SeungWoo Choi,1,0.703408030498502,0.6476489187895864,calibration
940,2024-07-20,Kurt Holobaugh,Kaynan Kruschewsky,1,0.5035372504535809,0.41004404579038506,calibration
941,2024-07-20,Cody Durden,Bruno Silva,0,0.6725522648688053,0.6092243717617178,calibration
942,2024-07-20,Dooho Choi,Bill Algeo,1,0.48288474220539607,0.38736698756207727,calibration
943,2024-07-20,JeongYeong Lee,Hyder Amil,0,0.6296628385423829,0.5566781140754802,calibration
944,2024-07-20,Brian Kelleher,Cody Gibson,0,0.5039544417074616,0.4105063285757149,calibration
945,2024-07-20,Miranda Maverick,Dione Barbosa,1,0.699145942356303,0.6423152626783869,calibration
946,2024-07-20,Loik Radzhabov,Trey Ogden,0,0.6580455551602121,0.5913280320918081,calibration
947,2024-07-20,Luana Carolina,Lucie Pudilova,1,0.680029947543718,0.6184938490031061,calibration
948,2024-07-20,Mohammed Usman,Thomas Petersen,0,0.6114895139452458,0.5347721813433387,calibration
924,2024-07-27,Leon Edwards,Belal Muhammad,0,0.7375830822789441,0.6906578623620984,calibration
925,2024-07-27,Tom Aspinall,Curtis Blaydes,1,0.7625530810048865,0.7222784787823288,calibration
926,2024-07-27,King Green,Paddy Pimblett,0,0.5199459048593108,0.4283489236459725,calibration
927,2024-07-27,Christian Leroy Duncan,Gregory Rodrigues,0,0.6889046974183055,0.6295317610087526,calibration
928,2024-07-27,Arnold Allen,Giga Chikadze,1,0.6309069813237097,0.5581861146099368,calibration
929,2024-07-27,Nathaniel Wood,Daniel Pineda,1,0.7903064525009071,0.757500836231104,calibration
930,2024-07-27,Molly McCann,Bruna Brasil,0,0.5222746091538204,0.43096692966392025,calibration
931,2024-07-27,Jake Hadley,Caolan Loughran,1,0.5494102462607074,0.461833231665742,calibration
932,2024-07-27,Muhammad Mokaev,Manel Kape,1,0.7561047542647813,0.7141023215454105,calibration
933,2024-07-27,Oban Elliott,Preston Parsons,1,0.6896869102278693,0.6305064558909929,calibration
934,2024-07-27,Modestas Bukauskas,Marcin Prachnio,1,0.7070784550373168,0.652248174185467,calibration
935,2024-07-27,Sam Patterson,Kiefer Crosbie,1,0.7016594892742503,0.6454598365674526,calibration
936,2024-07-27,Mick Parkin,Lukasz Brzeski,1,0.8187678194520118,0.793562604658725,calibration
937,2024-07-27,Shauna Bannon,Alice Ardelean,1,0.6550025317712138,0.5875892353874436,calibration
911,2024-08-03,Cory Sandhagen,Umar Nurmagomedov,0,0.41685489995117075,0.3177091929613535,calibration
912,2024-08-03,Shara Magomedov,Michal Oleksiejczuk,1,0.7334403372758043,0.6854246725593292,calibration
913,2024-08-03,Marlon Vera,Deiveson Figueiredo,0,0.5575960572396761,0.47127114495626277,calibration
914,2024-08-03,Tony Ferguson,Michael Chiesa,0,0.4147035442814856,0.31551522496113554,calibration
915,2024-08-03,Mackenzie Dern,Loopy Godinez,1,0.4115148407891195,0.31227236370595235,calibration
916,2024-08-03,Joel Alvarez,Elves Brener,1,0.6130309533396675,0.5366211700113237,calibration
917,2024-08-03,Azamat Murzakanov,Alonzo Menifield,1,0.6934714463822372,0.635226285719061,calibration
918,2024-08-03,Mohammad Yahya,Kaue Fernandes,0,0.5269330769558686,0.43621898347816995,calibration
919,2024-08-03,Shamil Gaziev,Don'Tale Mayes,1,0.6864918636573337,0.6265270200855686,calibration
920,2024-08-03,Guram Kutateladze,Jordan Vucenic,1,0.63504907222919,0.5632140967836801,calibration
921,2024-08-03,Viktoriia Dudakova,Sam Hughes,0,0.728723749725621,0.679472321411266,calibration
922,2024-08-03,Jai Herbert,Rolando Bedoya,1,0.475462400798596,0.37931792350017524,calibration
923,2024-08-03,Sedriques Dumas,Denis Tiuliulin,1,0.8269338189171714,0.8038735324336496,calibration
901,2024-08-10,Marcin Tybura,Serghei Spivac,0,0.5932034790327856,0.5129714756745238,calibration
902,2024-08-10,Damon Jackson,Chepe Mariscal,0,0.481050184165902,0.38537250684715857,calibration
903,2024-08-10,Danny Barlow,Nikolay Veretennikov,1,0.8225155116588967,0.79829742663461,calibration
904,2024-08-10,Chris Gutierrez,Quang Le,1,0.7053566138148752,0.650089928354012,calibration
905,2024-08-10,Yana Santos,Chelsea Chandler,1,0.5212378916674588,0.4298008044591209,calibration
906,2024-08-10,Toshiomi Kazama,Charalampos Grigoriou,1,0.5440992999650484,0.45574084246904856,calibration
907,2024-08-10,Karol Rosa,Pannie Kianzad,1,0.6184929617084861,0.543186655315523,calibration
908,2024-08-10,Jhonata Diniz,Karl Williams,1,0.6248063630736062,0.5508017004423044,calibration
909,2024-08-10,Youssef Zalal,Jarno Errens,1,0.6598776232044167,0.5935816102899105,calibration
910,2024-08-10,Stephanie Luciano,Talita Alencar,1,0.7473783917662522,0.7030480011665629,calibration
889,2024-08-17,Dricus Du Plessis,Israel Adesanya,1,0.7201323933973084,0.6686473120535,calibration
890,2024-08-17,Kai Kara-France,Steve Erceg,1,0.5502614625938701,0.4628119695086735,calibration
891,2024-08-17,Mateusz Gamrot,Dan Hooker,0,0.7970711141192695,0.766083529056996,calibration
892,2024-08-17,Tai Tuivasa,Jairzinho Rozenstruik,0,0.6679889583836541,0.6035821806805995,calibration
893,2024-08-17,Li Jingliang,Carlos Prates,0,0.5768289258039806,0.49366755258522804,calibration
894,2024-08-17,Junior Tafa,Valter Walker,0,0.6498956975236785,0.58132716788602,calibration
895,2024-08-17,Josh Culibao,Ricardo Ramos,0,0.643685074111596,0.5737331425798605,calibration
896,2024-08-17,Casey O'Neill,Luana Santos,1,0.4681356018970673,0.3714256792531618,calibration
897,2024-08-17,Jack Jenkins,Herbert Burns,1,0.7475938447924833,0.7033207630547353,calibration
898,2024-08-17,Tom Nolan,Alex Reyes,1,0.8983969460052083,0.8923859700100489,calibration
899,2024-08-17,Song Kenan,Ricky Glenn,1,0.5970110543017585,0.5174901719124845,calibration
900,2024-08-17,Stewart Nicoll,Jesus Aguilar,0,0.6284424768703653,0.555199950355713,calibration
878,2024-08-24,Jared Cannonier,Caio Borralho,0,0.4729894138406035,0.3766481467678612,calibration
879,2024-08-24,Angela Hill,Tabatha Ricci,0,0.33023004187544724,0.23333313761068705,calibration
880,2024-08-24,Robert Valentin,Ryan Loder,0,0.7935997284045028,0.7616797274667473,calibration
881,2024-08-24,Kaan Ofli,Mairon Santos,0,0.5569664806121655,0.47054323621445765,calibration
882,2024-08-24,Neil Magny,Michael Morales,0,0.3290058413056746,0.2322003957580402,calibration
883,2024-08-24,Edmen Shahbazyan,Gerald Meerschaert,0,0.8058776368935037,0.7772483366926428,calibration
884,2024-08-24,Dennis Buzukja,Francis Marshall,0,0.6857256895209317,0.6255734748912485,calibration
885,2024-08-24,Zach Reese,Jose Daniel Medina,1,0.7089007298889517,0.6545335895021892,calibration
886,2024-08-24,Viacheslav Borshchev,James Llontop,1,0.4377353608058386,0.33925522828793225,calibration
887,2024-08-24,Jacqueline Cavalcanti,Josiane Nunes,1,0.7715143449584477,0.733648359745994,calibration
888,2024-08-24,Wang Cong,Victoria Leonardo,1,0.7004612195991602,0.6439604057236996,calibration
866,2024-09-07,Gilbert Burns,Sean Brady,0,0.4238431110422694,0.3248694466446353,calibration
867,2024-09-07,Jessica Andrade,Natalia Silva,0,0.29217735603525596,0.1989263899314113,calibration
868,2024-09-07,Steve Garcia,Kyle Nelson,1,0.7057195912954611,0.6505448043623089,calibration
869,2024-09-07,Matt Schnell,Cody Durden,0,0.47463178517122656,0.3784205382420765,calibration
870,2024-09-07,Trevor Peek,Yanal Ashmouz,0,0.7051343459458093,0.6498114130513899,calibration
871,2024-09-07,Rongzhu,Chris Padilla,0,0.6006500320002346,0.5218190873528767,calibration
872,2024-09-07,Isaac Dulgarian,Brendon Marotte,1,0.9857176808759761,0.9886584608699797,calibration
873,2024-09-07,Felipe dos Santos,Andre Lima,0,0.5476866535096688,0.4598533456724098,calibration
874,2024-09-07,Yizha,Gabriel Santos,0,0.6988839550224923,0.6419876587179266,calibration
875,2024-09-07,Jaqueline Amorim,Vanessa Demopoulos,1,0.7769831864719273,0.7405896848813226,calibration
876,2024-09-07,Andre Petroski,Dylan Budka,1,0.6077734359736424,0.5303217546399297,calibration
877,2024-09-07,Zygimantas Ramaska,Nathan Fletcher,0,0.6882599524366311,0.6287285782742978,calibration
856,2024-09-14,Sean O'Malley,Merab Dvalishvili,0,0.6407306340878351,0.5701291039337517,calibration
857,2024-09-14,Alexa Grasso,Valentina Shevchenko,0,0.5663685452851407,0.48144854744324944,calibration
858,2024-09-14,Brian Ortega,Diego Lopes,0,0.5025295765949339,0.4089281369789253,calibration
859,2024-09-14,Daniel Zellhuber,Esteban Ribovics,0,0.7354462677290191,0.687958036719424,calibration
860,2024-09-14,Ronaldo Rodriguez,Ode Osbourne,1,0.6580764203214439,0.5913659823168701,calibration
861,2024-09-14,Irene Aldana,Norma Dumont,0,0.3819601084761524,0.2827329259511955,calibration
862,2024-09-14,Manuel Torres,Ignacio Bahamondes,0,0.6088143075442258,0.5315673018124225,calibration
863,2024-09-14,Yazmin Jauregui,Ketlen Souza,0,0.5936355403944495,0.5134836720907514,calibration
864,2024-09-14,Edgar Chairez,Joshua Van,0,0.3875402535783848,0.28823807884277386,calibration
865,2024-09-14,Raul Rosas Jr.,Aoriqileng,1,0.785965959411279,0.7519920118919625,calibration
842,2024-09-28,Renato Moicano,Benoit Saint Denis,1,0.5569600844901179,0.47053584282423566,calibration
843,2024-09-28,Nassourdine Imavov,Brendan Allen,1,0.6649811461546821,0.5998694873194241,calibration
844,2024-09-28,William Gomis,Joanderson Brito,1,0.646044435243446,0.5766152201419298,calibration
845,2024-09-28,Kevin Jousset,Bryan Battle,0,0.652099638679066,0.5840277394406327,calibration
846,2024-09-28,Morgan Charriere,Gabriel Miranda,1,0.7592406377577886,0.7180777784025516,calibration
847,2024-09-28,Fares Ziam,Matt Frevola,1,0.8257948123885225,0.802436712081708,calibration
848,2024-09-28,Ion Cutelaba,Ivan Erslan,1,0.6777757582508568,0.6156964611860326,calibration
849,2024-09-28,Oumar Sy,Da Woon Jung,1,0.720989572313495,0.6697262771111678,calibration
850,2024-09-28,Ludovit Klein,Roosevelt Roberts,1,0.7830208199110473,0.7482536825773342,calibration
851,2024-09-28,Taylor Lapilus,Vince Morales,1,0.7630894228724046,0.7229587672192423,calibration
852,2024-09-28,Ailin Perez,Daria Zhelezniakova,1,0.5895804219170707,0.5086821179406648,calibration
853,2024-09-28,Daniel Barez,Victor Altamirano,1,0.5037192947963818,0.41024574593786445,calibration
854,2024-09-28,Nora Cornolle,Jacqueline Cavalcanti,0,0.34086859052648255,0.24324833292909634,calibration
855,2024-09-28,Bolaji Oki,Chris Duncan,0,0.6707339637430005,0.6069748252973045,calibration
830,2024-10-05,Alex Pereira,Khalil Rountree Jr.,1,0.7947512516870627,0.7631406897015433,calibration
831,2024-10-05,Raquel Pennington,Julianna Pena,0,0.6239093147065315,0.5497180207382641,calibration
832,2024-10-05,Jose Aldo,Mario Bautista,0,0.44111606392224234,0.3427862738786488,calibration
833,2024-10-05,Roman Dolidze,Kevin Holland,1,0.583991357754037,0.5020852711125654,calibration
834,2024-10-05,Ketlen Vieira,Kayla Harrison,0,0.3513180421156196,0.25311132600431135,calibration
835,2024-10-05,Stephen Thompson,Joaquin Buckley,0,0.3915116815273346,0.29217670148617103,calibration
836,2024-10-05,Marina Rodriguez,Iasmin Lucindo,0,0.30153498175352317,0.20723250754728453,calibration
837,2024-10-05,Austin Hubbard,Alexander Hernandez,0,0.6807425603513002,0.6193787194434058,calibration
838,2024-10-05,Cesar Almeida,Ihor Potieria,1,0.585994573855094,0.5044468722879808,calibration
839,2024-10-05,Ryan Spann,Ovince Saint Preux,1,0.8332622427983357,0.8118475147969918,calibration
840,2024-10-05,Carla Esparza,Tecia Pennington,0,0.6353426943950508,0.5635709480111122,calibration
841,2024-10-05,Court McGee,Tim Means,1,0.6659293249396019,0.6010393288212882,calibration
818,2024-10-12,Brandon Royval,Tatsuro Taira,1,0.35532711854040444,0.2569278180481123,calibration
819,2024-10-12,Brad Tavares,JunYong Park,0,0.48403859763692264,0.3886231081529187,calibration
820,2024-10-12,Chidi Njokuani,Jared Gooden,1,0.7059822070215894,0.6508739421458719,calibration
821,2024-10-12,Grant Dawson,Rafa Garcia,1,0.7324031932064244,0.6841152532709524,calibration
822,2024-10-12,Daniel Rodriguez,Alex Morono,1,0.7036322079547062,0.6479296689556091,calibration
823,2024-10-12,CJ Vergara,Ramazan Temirov,0,0.5767699382993239,0.4935983978290065,calibration
824,2024-10-12,Jonathan Pearce,Pat Sabatini,0,0.6565987963108617,0.5895497977858993,calibration
825,2024-10-12,Themba Gorimbo,Niko Price,1,0.7994624094822915,0.7691163144966312,calibration
826,2024-10-12,Junior Tafa,Sean Sharaf,1,0.7597487780028084,0.718722091170711,calibration
827,2024-10-12,Julia Polastri,Cory McKenna,1,0.5326276803201113,0.44266588295472065,calibration
828,2024-10-12,Dan Argueta,Cody Haddon,0,0.5509312006920181,0.463582481276051,calibration
829,2024-10-12,Clayton Carpenter,Lucas Rocha,1,0.6383297527474617,0.5672044473032887,calibration
807,2024-10-19,Anthony Hernandez,Michel Pereira,1,0.6266773210997423,0.5530636888301387,calibration
808,2024-10-19,Rob Font,Kyler Phillips,1,0.337879466463647,0.24044953560275112,calibration
809,2024-10-19,Charles Johnson,Sumudaerji,1,0.5337438302099908,0.44393289915245127,calibration
810,2024-10-19,Jake Hadley,Cameron Smotherman,0,0.6357239160596169,0.5640343469759601,calibration
811,2024-10-19,Darren Elkins,Daniel Pineda,1,0.5427513227327846,0.45419844108687024,calibration
812,2024-10-19,Matheus Nicolau,Asu Almabayev,0,0.5271159075676621,0.43642551256688544,calibration
813,2024-10-19,Brad Katona,Jean Matsumoto,0,0.3666716566497938,0.2678241559692011,calibration
814,2024-10-19,Joselyne Edwards,Tamires Vidal,1,0.5529547456823534,0.4659128491605298,calibration
815,2024-10-19,Jessica Penne,Elise Reed,0,0.3460505067507145,0.24812411995140599,calibration
816,2024-10-19,Melissa Martinez,Alice Ardelean,1,0.6170143526676887,0.5414072326509841,calibration
817,2024-10-19,Austen Lane,Robelis Despaigne,1,0.6870780002148335,0.6272566897117599,calibration
794,2024-10-26,Ilia Topuria,Max Holloway,1,0.7347570404511979,0.6870874645454667,calibration
795,2024-10-26,Robert Whittaker,Khamzat Chimaev,0,0.5091023879350078,0.41622416411698926,calibration
796,2024-10-26,Magomed Ankalaev,Aleksandar Rakic,1,0.7702461261389314,0.7320388820097695,calibration
797,2024-10-26,Lerone Murphy,Dan Ige,1,0.7504521645623672,0.7069402260276827,calibration
798,2024-10-26,Shara Magomedov,Armen Petrosyan,1,0.7284864361817884,0.6791730008740824,calibration
799,2024-10-26,Ibo Aslan,Rafael Cerquiera,1,0.7512249020699333,0.7079189982703296,calibration
800,2024-10-26,Geoff Neal,Rafael Dos Anjos,1,0.8246378959308792,0.8009768223209762,calibration
801,2024-10-26,Mateusz Rebecki,Myktybek Orolbai,1,0.4516992004141123,0.3539157939116521,calibration
802,2024-10-26,Abus Magomedov,Brunno Ferreira,1,0.6617203148797153,0.5958502142981508,calibration
803,2024-10-26,Kennedy Nzechukwu,Chris Barnett,1,0.857498818947623,0.8422034955081596,calibration
804,2024-10-26,Farid Basharat,Victor Hugo,1,0.7137786485547702,0.660657535734778,calibration
805,2024-10-26,Ismail Naurdiev,Bruno Silva,1,0.8325992378282921,0.8110128769519772,calibration
806,2024-10-26,Rinat Fakhretdinov,Carlos Leal,1,0.7721336347782214,0.7344343258614443,calibration
781,2024-11-02,Brandon Moreno,Amir Albazi,1,0.5965794639222974,0.5169774191305199,calibration
782,2024-11-02,Erin Blanchfield,Rose Namajunas,1,0.6818118173285597,0.6207069238626999,calibration
783,2024-11-02,Caio Machado,Brendson Ribeiro,0,0.7248478126214104,0.6745857906673443,calibration
784,2024-11-02,Ariane da Silva,Jasmine Jasudavicius,0,0.5439119638518578,0.45552639091258973,calibration
785,2024-11-02,Marc-Andre Barriault,Dustin Stoltzfus,0,0.6053121252242364,0.5273796205430139,calibration
786,2024-11-02,Mike Malott,Trevin Giles,1,0.6942448566121047,0.6361916402441306,calibration
787,2024-11-02,Aiemann Zahabi,Pedro Munhoz,1,0.7588685809750729,0.7176060387231294,calibration
788,2024-11-02,Charles Jourdain,Victor Henry,1,0.5944899833787398,0.5144970121627397,calibration
789,2024-11-02,Jack Shore,Youssef Zalal,0,0.6065317354843434,0.528836927161472,calibration
790,2024-11-02,Alexandr Romanov,Rodrigo Nascimento,1,0.7027915102359852,0.646876922500773,calibration
791,2024-11-02,Serhiy Sidey,Garrett Armfield,1,0.610525344570031,0.5336165133980646,calibration
792,2024-11-02,Chad Anheliger,Cody Gibson,0,0.5698690603429708,0.4855275844788313,calibration
793,2024-11-02,Jamey-Lyn Horth,Ivana Petrovic,1,0.4833126805747424,0.3878327024519387,calibration
770,2024-11-09,Neil Magny,Carlos Prates,0,0.47593715541980297,0.379831146833798,calibration
771,2024-11-09,Gerald Meerschaert,Reinier de Ridder,0,0.6198860980520968,0.5448646260850343,calibration
772,2024-11-09,Gaston Bolanos,Cortavious Romious,1,0.6472056816241979,0.5780350178417797,calibration
773,2024-11-09,Luana Pinheiro,Gillian Robertson,0,0.5388530441907351,0.44974688556257025,calibration
774,2024-11-09,Mansur Abdul-Malik,Dusko Todorovic,1,0.8060404415332841,0.7774546186051788,calibration
775,2024-11-09,Karolina Kowalkiewicz,Denise Gomes,0,0.3040126696367281,0.20944880987795467,calibration
776,2024-11-09,Elizeu Zaleski dos Santos,Zachary Scroggin,1,0.607978157474137,0.5305666696393118,calibration
777,2024-11-09,Matthew Semelsberger,Charles Radtke,0,0.5748453429450132,0.4913436183546271,calibration
778,2024-11-09,Cody Stamann,Da'Mon Blackshear,0,0.4403469380073325,0.341981910404661,calibration
779,2024-11-09,Tresean Gore,Antonio Trocoli,1,0.6934798873629492,0.635236820113309,calibration
780,2024-11-09,Melissa Mullins,Klaudia Sygula,1,0.5126428388916038,0.42017095191475845,calibration
758,2024-11-16,Jon Jones,Stipe Miocic,1,0.8799417132404248,0.8699478422219462,calibration
759,2024-11-16,Charles Oliveira,Michael Chandler,1,0.7632550970736836,0.7231689124619333,calibration
760,2024-11-16,Bo Nickal,Paul Craig,1,0.8762672189250044,0.865435816228364,calibration
761,2024-11-16,Viviane Araujo,Karine Silva,1,0.35526333207344335,0.25686695547894134,calibration
762,2024-11-16,Mauricio Ruffy,James Llontop,1,0.6534923865675804,0.5857358409013935,calibration
763,2024-11-16,Jonathan Martinez,Marcus McGhee,0,0.6365445040666571,0.5650321463199816,calibration
764,2024-11-16,Jim Miller,Damon Jackson,1,0.3274021935464201,0.23071913064139418,calibration
765,2024-11-16,David Onama,Roberto Romero,1,0.7052096524625172,0.6499057745061473,calibration
766,2024-11-16,Marcin Tybura,Jhonata Diniz,1,0.6070062466633412,0.5294042146261827,calibration
767,2024-11-16,Mickey Gall,Ramiz Brahimaj,0,0.5940396726461685,0.5139628892282163,calibration
768,2024-11-16,Bassil Hafez,Oban Elliott,0,0.45755437365091056,0.3601222093917684,calibration
769,2024-11-16,Veronica Hardy,Eduarda Moura,0,0.44960704772622656,0.351706564630299,calibration
745,2024-11-23,Petr Yan,Deiveson Figueiredo,1,0.63082917487452,0.5580917765353351,calibration
746,2024-11-23,Yan Xiaonan,Tabatha Ricci,1,0.4441484361901743,0.3459634939982814,calibration
747,2024-11-23,Song Kenan,Muslim Salikhov,0,0.5813232068319352,0.4989447104378888,calibration
748,2024-11-23,Wang Cong,Gabriella Fernandes,0,0.6948820605676546,0.6369871875868298,calibration
749,2024-11-23,Volkan Oezdemir,Carlos Ulberg,0,0.5652211115613385,0.480113689685498,calibration
750,2024-11-23,Zhang Mingyang,Ozzy Diaz,1,0.8242468407869837,0.800483251549748,calibration
751,2024-11-23,Baergeng Jieleyisi,SuYoung You,0,0.7292927933230422,0.6801901167591743,calibration
752,2024-11-23,Kiru Sahota,DongHun Choi,0,0.6823273849402006,0.6213475535087322,calibration
753,2024-11-23,Shi Ming,Feng Xiaocan,1,0.5244973606569256,0.43347044291949105,calibration
754,2024-11-23,Nyamjargal Tumendemberel,Carlos Hernandez,0,0.7447546781179157,0.699727160763054,calibration
755,2024-11-23,Lone'er Kavanagh,Jose Ochoa,1,0.6694460832106869,0.6053825787216669,calibration
756,2024-11-23,Xiao Long,Quang Le,1,0.7229391630236082,0.6721812128188465,calibration
757,2024-11-23,Maheshate,Nikolas Motta,0,0.7331150006172036,0.6850138953199518,calibration
731,2024-12-07,Alexandre Pantoja,Kai Asakura,1,0.7079646636499555,0.6533594543135056,calibration
732,2024-12-07,Shavkat Rakhmonov,Ian Machado Garry,1,0.6572700168954185,0.5903746529018251,calibration
733,2024-12-07,Ciryl Gane,Alexander Volkov,1,0.7837909064176101,0.7492311922158227,calibration
734,2024-12-07,Bryce Mitchell,Kron Gracie,1,0.8377256207938998,0.8174612604959914,calibration
735,2024-12-07,Nate Landwehr,Dooho Choi,0,0.6308249098487647,0.558086605431874,calibration
736,2024-12-07,Dominick Reyes,Anthony Smith,1,0.7758831146257201,0.7391933308092347,calibration
737,2024-12-07,Vicente Luque,Themba Gorimbo,1,0.4732619005579033,0.37694202092448675,calibration
738,2024-12-07,Movsar Evloev,Aljamain Sterling,1,0.6732491870445383,0.6100870516758349,calibration
739,2024-12-07,Randy Brown,Bryan Battle,0,0.6472636451315935,0.578105908859214,calibration
740,2024-12-07,Chris Weidman,Eryk Anders,0,0.7183150628478144,0.6663605907664789,calibration
741,2024-12-07,Cody Durden,Joshua Van,0,0.42144351025758114,0.3224049863063687,calibration
742,2024-12-07,Michael Chiesa,Max Griffin,1,0.6988596652363533,0.6419572868784101,calibration
743,2024-12-07,Clay Guida,Chase Hooper,0,0.19515528038972843,0.11898015316721264,calibration
744,2024-12-07,Kennedy Nzechukwu,Lukasz Brzeski,1,0.75345839372233,0.7107485956912282,calibration
718,2024-12-14,Colby Covington,Joaquin Buckley,0,0.5644790103665458,0.4792509558846714,calibration
719,2024-12-14,Cub Swanson,Billy Quarantillo,1,0.46768817902956805,0.3709454510929258,calibration
720,2024-12-14,Manel Kape,Bruno Silva,1,0.6493819880733084,0.5806981259069413,calibration
721,2024-12-14,Vitor Petrino,Dustin Jacoby,0,0.8503266367129657,0.8332557403604788,calibration
722,2024-12-14,Adrian Yanez,Daniel Marcos,0,0.5698546520189867,0.48551077419614175,calibration
723,2024-12-14,Navajo Stirling,Tuco Tokkos,1,0.8224197017795675,0.7981764362409773,calibration
724,2024-12-14,Michael Johnson,Ottman Azaitar,1,0.5126977491830281,0.420232256215302,calibration
725,2024-12-14,Joel Alvarez,Drakkar Klose,1,0.7250074341010443,0.674786939454822,calibration
726,2024-12-14,Sean Woodson,Fernando Padilla,1,0.6145169479449442,0.5384052698142192,calibration
727,2024-12-14,Miles Johns,Felipe Lima,0,0.5929615196687501,0.5126847025049196,calibration
728,2024-12-14,Miranda Maverick,Jamey-Lyn Horth,1,0.6826201545191711,0.6217113995732808,calibration
729,2024-12-14,Davey Grant,Ramon Taveras,1,0.457624649569374,0.3601969114450425,calibration
730,2024-12-14,Josefine Knutsson,Piera Rodriguez,0,0.6263258568154177,0.5526385858842694,calibration
704,2025-01-11,Mackenzie Dern,Amanda Ribas,1,0.4348030409885922,0.3362020544563633,calibration
705,2025-01-11,Santiago Ponzinibbio,Carlston Harris,1,0.5367792152599858,0.44738419179750266,calibration
706,2025-01-11,Cesar Almeida,Abdul Razak Alhassan,1,0.8043610504483918,0.7753265096103708,calibration
707,2025-01-11,Chris Curtis,Roman Kopylov,0,0.5303109037263503,0.4400395205516144,calibration
708,2025-01-11,Christian Rodriguez,Austin Bashi,1,0.6504044168209053,0.5819502583502607,calibration
709,2025-01-11,Punahele Soriano,Uros Medic,1,0.5605464391622775,0.4746868124932545,calibration
710,2025-01-11,Jose Johnson,Felipe Bunes,0,0.7434040657990577,0.6980182563728635,calibration
711,2025-01-11,Marco Tulio,Ihor Potieria,1,0.7231561045648867,0.6724544637692677,calibration
712,2025-01-11,Thiago Moises,Trey Ogden,1,0.6602162703752761,0.593998384352977,calibration
713,2025-01-11,Preston Parsons,Jacobe Smith,0,0.6815978576414201,0.6204411026021202,calibration
714,2025-01-11,Ernesta Kareckaite,Nicolle Caliari,1,0.6866203523929488,0.6266869590001158,calibration
715,2025-01-11,Magomed Gadzhiyasulov,Bruno Lopes,0,0.7686823301402541,0.7300544386922431,calibration
716,2025-01-11,Fatima Kline,Viktoriia Dudakova,1,0.6196221818232257,0.5445466460711863,calibration
717,2025-01-11,Nurullo Aliev,Joe Solecki,1,0.766817106415354,0.7276877299274721,calibration
691,2025-01-18,Islam Makhachev,Renato Moicano,1,0.8386610378511832,0.8186365959847636,calibration
692,2025-01-18,Merab Dvalishvili,Umar Nurmagomedov,1,0.5371262754885632,0.44777932849699265,calibration
693,2025-01-18,Jiri Prochazka,Jamahal Hill,1,0.6204968560369913,0.5456006862094641,calibration
694,2025-01-18,Jailton Almeida,Serghei Spivac,1,0.7765899601438161,0.7400905473726351,calibration
695,2025-01-18,Kevin Holland,Reinier de Ridder,0,0.5633607926135852,0.4779518337410251,calibration
696,2025-01-18,Payton Talbott,Raoni Barcelos,0,0.8445482522483299,0.8260236820830497,calibration
697,2025-01-18,Zach Reese,Azamat Bekoev,0,0.7268756891320893,0.6771418328384488,calibration
698,2025-01-18,Bogdan Guskov,Billy Elekana,1,0.7185737036945505,0.6666859657232103,calibration
699,2025-01-18,Grant Dawson,Diego Ferreira,1,0.837575133541195,0.8172721367499419,calibration
700,2025-01-18,Karol Rosa,Ailin Perez,0,0.4428996547472501,0.3446539191545252,calibration
701,2025-01-18,Rinya Nakamura,Muin Gafurov,0,0.5996932390689206,0.5206799206795621,calibration
702,2025-01-18,Ricky Turcios,Benardo Sopaj,0,0.4792278635499799,0.38339458630448764,calibration
703,2025-01-18,Tagir Ulanbekov,Clayton Carpenter,1,0.5540363443639196,0.4671598880874908,calibration
680,2025-02-01,Israel Adesanya,Nassourdine Imavov,0,0.5313083479346898,0.44116966019716447,calibration
681,2025-02-01,Shara Magomedov,Michael Page,0,0.7275055287724671,0.6779359735776278,calibration
682,2025-02-01,Sergei Pavlovich,Jairzinho Rozenstruik,1,0.7900446336886332,0.7571685745988938,calibration
683,2025-02-01,Said Nurmagomedov,Vinicius Oliveira,0,0.5910171547324828,0.5103818578102639,calibration
684,2025-02-01,Fares Ziam,Mike Davis,1,0.7870616064773803,0.7533826651322589,calibration
685,2025-02-01,Muhammad Naimov,Kaan Ofli,1,0.6619951065200942,0.5961886871169432,calibration
686,2025-02-01,Shamil Gaziev,Thomas Petersen,1,0.619259051531615,0.5441092076682459,calibration
687,2025-02-01,Terrance McKinney,Damir Hadzovic,1,0.8168269657813739,0.7911088771928552,calibration
688,2025-02-01,Jasmine Jasudavicius,Mayra Bueno Silva,1,0.628834305994854,0.5556744440053967,calibration
689,2025-02-01,Bogdan Grad,Lucas Alexander,1,0.6505369855552887,0.5821126573520965,calibration
690,2025-02-01,Hamdy Abdelwahab,Jamal Pogues,1,0.6755957361668518,0.6129936003564909,calibration
669,2025-02-08,Dricus Du Plessis,Sean Strickland,1,0.7967415686651134,0.7656655240578841,calibration
670,2025-02-08,Zhang Weili,Tatiana Suarez,1,0.4627599081966393,0.36566904519161686,calibration
671,2025-02-08,Justin Tafa,Tallison Teixeira,0,0.6216949970746295,0.5470453929731083,calibration
672,2025-02-08,Jake Matthews,Francisco Prado,1,0.6201517182365972,0.5451847083990985,calibration
673,2025-02-08,Jack Jenkins,Gabriel Santos,0,0.5679678110577522,0.4833108633109174,calibration
674,2025-02-08,Tom Nolan,Viacheslav Borshchev,1,0.8058669730155336,0.7772348248335313,calibration
675,2025-02-08,Wang Cong,Bruna Brasil,1,0.6721577901864904,0.6087361890758762,calibration
676,2025-02-08,Colby Thicknesse,Aleksandre Topuria,0,0.7469599950524269,0.7025183406815291,calibration
677,2025-02-08,Rongzhu,Kody Steele,1,0.7284775282606838,0.679161765753347,calibration
678,2025-02-08,Jonathan Micallef,Kevin Jousset,1,0.751228697632789,0.7079238061082237,calibration
679,2025-02-08,Quillan Salkilld,Anshul Jubli,1,0.7910571167336574,0.7584534413631436,calibration
657,2025-02-15,Jared Cannonier,Gregory Rodrigues,1,0.46999961369941895,0.3734285027601589,calibration
658,2025-02-15,Calvin Kattar,Youssef Zalal,0,0.33577886163633275,0.23848871302870586,calibration
659,2025-02-15,Edmen Shahbazyan,Dylan Budka,1,0.6158813407509243,0.5400447646665318,calibration
660,2025-02-15,Ismael Bonfim,Nazim Sadykhov,0,0.7945553613032479,0.7628921685550317,calibration
661,2025-02-15,Rodolfo Vieira,Andre Petroski,0,0.5973204921113343,0.5178578880124668,calibration
662,2025-02-15,Connor Matthews,Jose Delgado,0,0.5214233836016147,0.43000937809699796,calibration
663,2025-02-15,Angela Hill,Ketlen Souza,1,0.3038279774717244,0.20928335672279025,calibration
664,2025-02-15,Rafael Estevam,Jesus Aguilar,1,0.5043689676237479,0.4109658205989367,calibration
665,2025-02-15,Gabriel Bonfim,Khaos Williams,1,0.6980873870740064,0.6409917668515434,calibration
666,2025-02-15,Vince Morales,Elijah Smith,0,0.3887983332305696,0.2894839192015995,calibration
667,2025-02-15,Don'Tale Mayes,Valter Walker,0,0.593275641972122,0.5130570127900281,calibration
668,2025-02-15,Julia Avila,Jacqueline Cavalcanti,0,0.2574158511067817,0.16897234822994464,calibration
645,2025-02-22,Henry Cejudo,Song Yadong,0,0.4952603092813949,0.4009066203560716,calibration
646,2025-02-22,Brendan Allen,Anthony Hernandez,0,0.570239815747306,0.48596020588762096,calibration
647,2025-02-22,Rob Font,Jean Matsumoto,1,0.5235211749385633,0.4323703977213745,calibration
648,2025-02-22,Jean Silva,Melsik Baghdasaryan,1,0.6484909560856619,0.5796074328332129,calibration
649,2025-02-22,Alonzo Menifield,Julius Walker,1,0.5526527730615556,0.465564866173979,calibration
650,2025-02-22,Ion Cutelaba,Ibo Aslan,1,0.5179771300154267,0.42613944382012514,calibration
651,2025-02-22,Andre Fili,Melquizael Costa,0,0.3832788286870082,0.28403086953012624,calibration
652,2025-02-22,Mansur Abdul-Malik,Nick Klein,1,0.7775800576893743,0.7413473232987342,calibration
653,2025-02-22,Ricky Simon,Javid Basharat,1,0.49379421113793304,0.39929491321573923,calibration
654,2025-02-22,Nikolay Veretennikov,Austin Vanderford,0,0.6934449548288082,0.6351932243124729,calibration
655,2025-02-22,Nursulton Ruziboev,Eric McConico,1,0.7777874597434198,0.7416105906932341,calibration
656,2025-02-22,Modestas Bukauskas,Rafael Cerquiera,1,0.9669733161341073,0.970290907868388,calibration
635,2025-03-01,Manel Kape,Asu Almabayev,1,0.5373869272490209,0.44807615731905376,calibration
636,2025-03-01,Cody Brundage,Julian Marquez,1,0.740136299948938,0.6938853103077639,calibration
637,2025-03-01,Nasrat Haqparast,Esteban Ribovics,1,0.6775554527519361,0.6154232076506279,calibration
638,2025-03-01,Hyder Amil,William Gomis,1,0.5233573441248098,0.4321858649782,calibration
639,2025-03-01,Danny Barlow,Sam Patterson,0,0.7578172388143127,0.7162731188117791,calibration
640,2025-03-01,Austen Lane,Mario Pinto,0,0.6181340153259414,0.5427545416370969,calibration
641,2025-03-01,Ricardo Ramos,Chepe Mariscal,0,0.4786976856413107,0.38281974944062763,calibration
642,2025-03-01,Danny Silva,Lucas Almeida,1,0.6833672406948486,0.6226400505691568,calibration
643,2025-03-01,Andrea Lee,JJ Aldrich,0,0.46560215666009097,0.36870911200221473,calibration
644,2025-03-01,Charles Johnson,Ramazan Temirov,0,0.5374458844950555,0.4481433058739775,calibration
625,2025-03-08,Alex Pereira,Magomed Ankalaev,0,0.6104017435371976,0.5334684120956323,calibration
626,2025-03-08,Justin Gaethje,Rafael Fiziev,1,0.6696456949313162,0.6056293058604337,calibration
627,2025-03-08,Jalin Turner,Ignacio Bahamondes,0,0.5011252470454041,0.4073745695176018,calibration
628,2025-03-08,Amanda Lemos,Iasmin Lucindo,1,0.24571475294802106,0.1592137683003528,calibration
629,2025-03-08,King Green,Mauricio Ruffy,0,0.5088658151066315,0.4159608570298731,calibration
630,2025-03-08,Joshua Van,Rei Tsuruya,1,0.6246657832139233,0.5506318362926,calibration
631,2025-03-08,Brunno Ferreira,Armen Petrosyan,1,0.6744411486083931,0.6115631099371169,calibration
632,2025-03-08,Alex Morono,Carlos Leal,0,0.4311339104764984,0.33239424209123414,calibration
633,2025-03-08,Mairon Santos,Francis Marshall,1,0.679567593950319,0.6179198695852921,calibration
634,2025-03-08,Djorden Santos,Ozzy Diaz,0,0.7682202711770035,0.7294681242477362,calibration
612,2025-03-15,Marvin Vettori,Roman Dolidze,0,0.7266564147357191,0.6768653865256902,calibration
613,2025-03-15,Chidi Njokuani,Elizeu Zaleski dos Santos,1,0.7008497028151517,0.6444464599343294,calibration
614,2025-03-15,Alexander Hernandez,Kurt Holobaugh,1,0.790587457725864,0.7578574411507165,calibration
615,2025-03-15,Da'Mon Blackshear,Cody Gibson,1,0.7473523496109719,0.7030150326242725,calibration
616,2025-03-15,Diyar Nurgozhay,Brendson Ribeiro,0,0.7111981367319158,0.657416730560281,calibration
617,2025-03-15,SeungWoo Choi,Kevin Vallejos,0,0.46929587528165184,0.372671951891907,calibration
618,2025-03-15,Waldo Cortes Acosta,Ryan Spann,1,0.7947413570371845,0.7631281367037563,calibration
619,2025-03-15,SuYoung You,AJ Cunningham,1,0.8064409239043252,0.7779620292102538,calibration
620,2025-03-15,Carlos Vera,Josias Musasa,1,0.444640482466018,0.3464799330000349,calibration
621,2025-03-15,Stephanie Luciano,Sam Hughes,0,0.7463473760224606,0.7017428725397428,calibration
622,2025-03-15,Daniel Barez,Andre Lima,0,0.38261270646075446,0.2833750055633802,calibration
623,2025-03-15,Josiane Nunes,Priscila Cachoeira,0,0.7674857322219227,0.7285360900532417,calibration
624,2025-03-15,Yuneisy Duben,Carli Judice,0,0.56839318580299,0.4838065608971303,calibration
599,2025-03-22,Leon Edwards,Sean Brady,0,0.664825254569491,0.5996771999949978,calibration
600,2025-03-22,Jan Blachowicz,Carlos Ulberg,0,0.5190849821052185,0.4273823049271189,calibration
601,2025-03-22,Gunnar Nelson,Kevin Holland,0,0.6450510455201616,0.5754013194908081,calibration
602,2025-03-22,Molly McCann,Alexia Thainara,0,0.4400670869627833,0.34168938894045914,calibration
603,2025-03-22,Jordan Vucenic,Chris Duncan,0,0.7094587057836014,0.6552336372284496,calibration
604,2025-03-22,Nathaniel Wood,Morgan Charriere,1,0.5796620715569256,0.4969923277137087,calibration
605,2025-03-22,Jai Herbert,Chris Padilla,0,0.5407548705932107,0.45191696291619227,calibration
606,2025-03-22,Lone'er Kavanagh,Felipe dos Santos,1,0.6405197066235284,0.5698720121688198,calibration
607,2025-03-22,Marcin Tybura,Mick Parkin,1,0.513479346331005,0.42110516996066083,calibration
608,2025-03-22,Christian Leroy Duncan,Andrey Pulyaev,1,0.6972126464534508,0.6398984593157994,calibration
609,2025-03-22,Shauna Bannon,Puja Tomar,1,0.5983022321473043,0.5190250062110828,calibration
610,2025-03-22,Nathan Fletcher,Caolan Loughran,0,0.7294623256980377,0.6804039844542116,calibration
611,2025-03-22,Guram Kutateladze,Kaue Fernandes,0,0.5727549746529081,0.48889803401200327,calibration
587,2025-03-29,Brandon Moreno,Steve Erceg,1,0.641560778645608,0.5711412130687661,calibration
588,2025-03-29,Manuel Torres,Drew Dober,1,0.8358109282515628,0.8150541931268709,calibration
589,2025-03-29,Edgar Chairez,CJ Vergara,1,0.5985242852887028,0.5192890900791318,calibration
590,2025-03-29,Raul Rosas Jr.,Vince Morales,1,0.86487788574264,0.851371763015961,calibration
591,2025-03-29,David Martinez,Saimon Oliveira,1,0.7568224761243562,0.7150120752898742,calibration
592,2025-03-29,Ronaldo Rodriguez,Kevin Borjas,0,0.6713049145845067,0.6076809967556661,calibration
593,2025-03-29,Jose Daniel Medina,Ateba Gautier,0,0.48609490829162016,0.3908648778159034,calibration
594,2025-03-29,Christian Rodriguez,Melquizael Costa,0,0.606825750479993,0.5291884083585858,calibration
595,2025-03-29,Loopy Godinez,Julia Polastri,1,0.5172921375829773,0.4253715398228274,calibration
596,2025-03-29,Rafa Garcia,Vinc Pichel,1,0.8089446309891059,0.7811335059016713,calibration
597,2025-03-29,Jamall Emmers,Gabriel Miranda,1,0.7088349426379278,0.6544510594625094,calibration
598,2025-03-29,MarQuel Mederos,Austin Hubbard,1,0.7563925563036423,0.7144671179663981,calibration
575,2025-04-05,Josh Emmett,Lerone Murphy,0,0.338561049912067,0.24108683407256273,calibration
576,2025-04-05,Pat Sabatini,Joanderson Brito,1,0.5245369109168201,0.4335150296487012,calibration
577,2025-04-05,Cortavious Romious,ChangHo Lee,0,0.5280609052097487,0.4374934829867418,calibration
578,2025-04-05,Brad Tavares,Gerald Meerschaert,1,0.6164067738600504,0.5406764944198933,calibration
579,2025-04-05,Ode Osbourne,Luis Gurule,1,0.5760795339546059,0.49278920254505837,calibration
580,2025-04-05,Torrez Finney,Robert Valentin,1,0.7405151586706692,0.6943643492715317,calibration
581,2025-04-05,Diana Belbita,Dione Barbosa,0,0.48876598689053435,0.3937829844053511,calibration
582,2025-04-05,Rhys McKee,Daniel Frunza,1,0.6646831855463436,0.5995019742429,calibration
583,2025-04-05,Loma Lookboonmee,Istela Nunes,1,0.7390006037086634,0.6924495124865606,calibration
584,2025-04-05,Victor Henry,Pedro Falcao,1,0.5722508211676418,0.488308743108676,calibration
585,2025-04-05,Martin Buday,Uran Satybaldiev,1,0.782500602724946,0.7475933384478128,calibration
586,2025-04-05,Vanessa Demopoulos,Talita Alencar,0,0.4567610756098922,0.3592792930850125,calibration
562,2025-04-12,Alexander Volkanovski,Diego Lopes,1,0.5693379709376903,0.484908072062997,calibration
563,2025-04-12,Michael Chandler,Paddy Pimblett,0,0.4388840574430161,0.3404536878718677,calibration
564,2025-04-12,Yair Rodriguez,Patricio Freire,1,0.806033106855912,0.7774453252960595,calibration
565,2025-04-12,Bryce Mitchell,Jean Silva,0,0.612121178448946,0.535529668740194,calibration
566,2025-04-12,Nikita Krylov,Dominick Reyes,0,0.6682509566855394,0.6039058153872788,calibration
567,2025-04-12,Dan Ige,Sean Woodson,1,0.37069644771662796,0.271724121174058,calibration
568,2025-04-12,Yan Xiaonan,Virna Jandiroba,0,0.5637896537550129,0.4784499521938665,calibration
569,2025-04-12,Jim Miller,Chase Hooper,0,0.1557246821837999,0.08986445631355555,calibration
570,2025-04-12,Darren Elkins,Julian Erosa,0,0.40362456692441046,0.30429448918224744,calibration
571,2025-04-12,Sedriques Dumas,Michal Oleksiejczuk,0,0.7717511609526914,0.7339489101045036,calibration
572,2025-04-12,Sumudaerji,Mitch Raposo,1,0.5664880538988214,0.48158763973727325,calibration
573,2025-04-12,Tresean Gore,Marco Tulio,0,0.5245010487288012,0.4334746005832403,calibration
574,2025-04-12,Nora Cornolle,Hailey Cowan,1,0.6087933927506847,0.5315422665599443,calibration
548,2025-04-26,Ian Machado Garry,Carlos Prates,1,0.77519993510924,0.7383261681581306,calibration
549,2025-04-26,Anthony Smith,Zhang Mingyang,0,0.43192828276379375,0.33321745449628565,calibration
550,2025-04-26,Giga Chikadze,David Onama,0,0.5478089090288323,0.4599936953893253,calibration
551,2025-04-26,Michel Pereira,Abus Magomedov,0,0.6857096733950987,0.6255535449845407,calibration
552,2025-04-26,Randy Brown,Nicolas Dalby,1,0.7501699572506516,0.7065828009813235,calibration
553,2025-04-26,Ikram Aliskerov,Andre Muniz,1,0.5383606008666431,0.4491855044908563,calibration
554,2025-04-26,Matt Schnell,Jimmy Flick,1,0.6759317691209602,0.6134100636971161,calibration
555,2025-04-26,Evan Elder,Gauge Young,1,0.6743579084322712,0.6114600055852842,calibration
556,2025-04-26,Chris Gutierrez,John Castaneda,1,0.6821966754650293,0.6211851250968858,calibration
557,2025-04-26,Da'Mon Blackshear,Alatengheili,1,0.6835651524494999,0.6228861071685257,calibration
558,2025-04-26,Malcolm Wellmaker,Cameron Saaiman,1,0.5532212810036252,0.4662200603901148,calibration
559,2025-04-26,Jaqueline Amorim,Polyana Viana,1,0.7454057725601169,0.7005511187303016,calibration
560,2025-04-26,Timmy Cuamba,Roberto Romero,1,0.615754414715829,0.5398921905777957,calibration
561,2025-04-26,Chelsea Chandler,Joselyne Edwards,0,0.4113574629072793,0.31211259175683564,calibration
536,2025-05-03,Cory Sandhagen,Deiveson Figueiredo,1,0.7218675475338354,0.6708316735522124,calibration
537,2025-05-03,Reinier de Ridder,Bo Nickal,1,0.551189492847895,0.4638797412522185,calibration
538,2025-05-03,Santiago Ponzinibbio,Daniel Rodriguez,0,0.5881154370404597,0.5069506086982277,calibration
539,2025-05-03,Montel Jackson,Daniel Marcos,1,0.6874598755781883,0.6277321673146989,calibration
540,2025-05-03,Cameron Smotherman,Serhiy Sidey,0,0.6392593904656404,0.5683364539716729,calibration
541,2025-05-03,Jeremy Stephens,Mason Jones,0,0.323066989319195,0.22672941844065878,calibration
542,2025-05-03,Yana Santos,Miesha Tate,1,0.6489477194140568,0.5801664860597582,calibration
543,2025-05-03,Ryan Loder,Azamat Bekoev,0,0.6553780045624287,0.5880502624121803,calibration
544,2025-05-03,Marina Rodriguez,Gillian Robertson,0,0.44893214967605627,0.35099484925826857,calibration
545,2025-05-03,Gaston Bolanos,Quang Le,0,0.620229253415047,0.545278150521274,calibration
546,2025-05-03,Thomas Petersen,Don'Tale Mayes,1,0.8296600284750067,0.8073105851149868,calibration
547,2025-05-03,Juliana Miller,Ivana Petrovic,1,0.42490518241924413,0.32596215103477516,calibration
524,2025-05-10,Belal Muhammad,Jack Della Maddalena,0,0.5906506842959213,0.5099481493563937,calibration
525,2025-05-10,Valentina Shevchenko,Manon Fiorot,1,0.5302216439157432,0.4399384296430461,calibration
526,2025-05-10,Jose Aldo,Aiemann Zahabi,0,0.5103263552496462,0.41758728333350276,calibration
527,2025-05-10,Alexa Grasso,Natalia Silva,0,0.401694303256751,0.3023529007634235,calibration
528,2025-05-10,Benoit Saint Denis,Kyle Prepolec,1,0.8509360189595642,0.8340172704319445,calibration
529,2025-05-10,Mike Malott,Charles Radtke,1,0.6803070516516214,0.6188379061313114,calibration
530,2025-05-10,Jessica Andrade,Jasmine Jasudavicius,0,0.4098521047811993,0.3105856614341132,calibration
531,2025-05-10,Modestas Bukauskas,Ion Cutelaba,1,0.6605792801496091,0.5944452150446046,calibration
532,2025-05-10,Navajo Stirling,Ivan Erslan,1,0.7747169647223364,0.7377131412910047,calibration
533,2025-05-10,Marc-Andre Barriault,Bruno Silva,1,0.6811219409383196,0.6198499109044681,calibration
534,2025-05-10,Daniel Santos,JeongYeong Lee,1,0.5071645887905306,0.41406892499845604,calibration
535,2025-05-10,Brad Katona,Bekzat Almakhan,0,0.5837176557493527,0.5017628486895234,calibration
513,2025-05-17,Gilbert Burns,Michael Morales,0,0.2594814814988269,0.17071217338671174,calibration
514,2025-05-17,Sodiq Yusuff,Mairon Santos,0,0.49022223366134066,0.39537681408290587,calibration
515,2025-05-17,Dustin Stoltzfus,Nursulton Ruziboev,0,0.6344555893028593,0.5624929854076957,calibration
516,2025-05-17,Julian Erosa,Melquizael Costa,0,0.4117296662324288,0.312490499507504,calibration
517,2025-05-17,Gabe Green,Matheus Camilo,1,0.6031958253444794,0.524853477048465,calibration
518,2025-05-17,Jared Gordon,Thiago Moises,1,0.6163560805663275,0.5406155371719578,calibration
519,2025-05-17,Yadier del Valle,Connor Matthews,1,0.732048447605617,0.6836674468841574,calibration
520,2025-05-17,Luana Santos,Tainara Lisboa,1,0.6974202000959453,0.6401578430503438,calibration
521,2025-05-17,Elise Reed,Denise Gomes,0,0.3837474952226957,0.2844926079260723,calibration
522,2025-05-17,HyunSung Park,Carlos Hernandez,1,0.63337032904657,0.5611749408280577,calibration
523,2025-05-17,Tecia Pennington,Luana Pinheiro,1,0.5240325839344596,0.4329465865797173,calibration
504,2025-05-31,Mateusz Gamrot,Ludovit Klein,1,0.6398100410867922,0.5690072362922906,calibration
505,2025-05-31,Billy Ray Goff,Ramiz Brahimaj,0,0.8142045498787162,0.7877918303890195,calibration
506,2025-05-31,Dustin Jacoby,Bruno Lopes,1,0.5252036663752873,0.43426690628127995,calibration
507,2025-05-31,Ketlen Vieira,Macy Chiasson,1,0.5467860464126278,0.4588198459205228,calibration
508,2025-05-31,Zach Reese,Dusko Todorovic,1,0.7177466159144563,0.665645555557981,calibration
509,2025-05-31,Jafel Filho,Allan Nascimento,0,0.586176586751434,0.5046616049260375,calibration
510,2025-05-31,Kurt Holobaugh,Jordan Leavitt,0,0.3925513384406822,0.2932105864578723,calibration
511,2025-05-31,Bolaji Oki,Michael Aswell Jr.,1,0.7157850275957762,0.663178993735425,calibration
512,2025-05-31,Rayanne dos Santos,Alice Ardelean,0,0.6472381937658985,0.578074780858964,calibration
491,2025-06-07,Merab Dvalishvili,Sean O'Malley,1,0.6196841789987076,0.5446213391070609,calibration
492,2025-06-07,Julianna Pena,Kayla Harrison,0,0.4641484376591432,0.36715320624132286,calibration
493,2025-06-07,Kelvin Gastelum,Joe Pyfer,0,0.49403459827046,0.3995590338148883,calibration
494,2025-06-07,Mario Bautista,Patchy Mix,1,0.7629499209263831,0.7227818218471532,calibration
495,2025-06-07,Vicente Luque,Kevin Holland,0,0.6395539016314697,0.5686951923544692,calibration
496,2025-06-07,Bruno Silva,Joshua Van,0,0.32236050275519046,0.22608126515928686,calibration
497,2025-06-07,Azamat Murzakanov,Brendson Ribeiro,1,0.6718377521141691,0.6083401867183301,calibration
498,2025-06-07,Serghei Spivac,Waldo Cortes Acosta,0,0.6947870344788054,0.6368685362129533,calibration
499,2025-06-07,Khaos Williams,Andreas Gustafsson,0,0.7974672283107505,0.7665859546941821,calibration
500,2025-06-07,Ariane da Silva,Wang Cong,0,0.4335584652278972,0.3349088730204227,calibration
501,2025-06-07,Jeka Saragih,JooSang Yoo,0,0.6272244873563333,0.5537256647065671,calibration
502,2025-06-07,Quillan Salkilld,Yanal Ashmouz,1,0.8286128643551283,0.8059907162306652,calibration
503,2025-06-07,MarQuel Mederos,Mark Choinski,1,0.7720036188267977,0.7342693155206711,calibration
480,2025-06-14,Kamaru Usman,Joaquin Buckley,1,0.5623180961141994,0.47674139306981145,calibration
481,2025-06-14,Rose Namajunas,Miranda Maverick,1,0.45284929381754124,0.35513214013241395,calibration
482,2025-06-14,Edmen Shahbazyan,Andre Petroski,1,0.6638071121637854,0.5984216897275334,calibration
483,2025-06-14,Cody Garbrandt,Raoni Barcelos,0,0.5992836600683981,0.520192482864959,calibration
484,2025-06-14,Alonzo Menifield,Oumar Sy,1,0.3542093044782054,0.25586189926888575,calibration
485,2025-06-14,Michael Chiesa,Court McGee,1,0.8204914726295012,0.7957408056510413,calibration
486,2025-06-14,Malcolm Wellmaker,Kris Moutinho,1,0.8363817441086667,0.8157719759658735,calibration
487,2025-06-14,Cody Durden,Jose Ochoa,0,0.35145374313414157,0.25324021518078965,calibration
488,2025-06-14,Ricky Simon,Cameron Smotherman,1,0.5457817616827664,0.4576682018942039,calibration
489,2025-06-14,Phil Rowe,Ange Loosa,1,0.6553539887658093,0.588020771933786,calibration
490,2025-06-14,Jamey-Lyn Horth,Vanessa Demopoulos,1,0.7605948247845701,0.7197949373270469,calibration
468,2025-06-21,Jamahal Hill,Khalil Rountree Jr.,0,0.7838508215485068,0.7493072449755547,calibration
469,2025-06-21,Rafael Fiziev,Ignacio Bahamondes,1,0.4684031086995351,0.37171289491910653,calibration
470,2025-06-21,Curtis Blaydes,Rizvan Kuniev,1,0.8407166891088336,0.821217982168298,calibration
471,2025-06-21,Tofiq Musayev,Myktybek Orolbai,0,0.5051573594139168,0.41184018098925723,calibration
472,2025-06-21,Nazim Sadykhov,Nikolas Motta,1,0.664530036484466,0.59931309524223,calibration
473,2025-06-21,Muhammad Naimov,Bogdan Grad,1,0.5536723001612043,0.4667400481826495,calibration
474,2025-06-21,Seokhyeon Ko,Oban Elliott,1,0.5518074475274224,0.4645911581221871,calibration
475,2025-06-21,Ismail Naurdiev,JunYong Park,0,0.7619487239522689,0.7215119598587713,calibration
476,2025-06-21,Daria Zhelezniakova,Melissa Mullins,1,0.6491380629252254,0.5803994939144068,calibration
477,2025-06-21,Irina Alekseeva,Klaudia Sygula,0,0.5141212090463484,0.4218224478111553,calibration
478,2025-06-21,Tagir Ulanbekov,Azat Maksum,1,0.6557620909741401,0.5885219522889775,calibration
479,2025-06-21,Hamdy Abdelwahab,Mohammed Usman,0,0.7152243712095492,0.6624742586257205,calibration
457,2025-06-28,Ilia Topuria,Charles Oliveira,1,0.8386461453524278,0.8186178871204088,calibration
458,2025-06-28,Alexandre Pantoja,Kai Kara-France,1,0.5914957495080666,0.5109484192687062,calibration
459,2025-06-28,Brandon Royval,Joshua Van,0,0.4225309538616104,0.32352107467292435,calibration
460,2025-06-28,Beneil Dariush,Renato Moicano,1,0.6428959800537245,0.5727700064859803,calibration
461,2025-06-28,Payton Talbott,Felipe Lima,1,0.5409508406670627,0.4521407557140455,calibration
462,2025-06-28,Jack Hermansson,Gregory Rodrigues,0,0.6087740764717448,0.5315191450320125,calibration
463,2025-06-28,Hyder Amil,Jose Delgado,0,0.4823958392718575,0.3868351448679416,calibration
464,2025-06-28,Viviane Araujo,Tracy Cortez,0,0.3734781077762708,0.27442992207555333,calibration
465,2025-06-28,Terrance McKinney,Viacheslav Borshchev,1,0.7891981784854947,0.7560943482907819,calibration
466,2025-06-28,Niko Price,Jacobe Smith,0,0.5314894342898194,0.4413749333511126,calibration
467,2025-06-28,Jhonata Diniz,Alvin Hines,1,0.8102002061615097,0.7827234666665425,calibration
445,2025-07-12,Derrick Lewis,Tallison Teixeira,1,0.18282580078103924,0.10965727847766596,calibration
446,2025-07-12,Stephen Thompson,Gabriel Bonfim,0,0.2982152725217577,0.2042741735374637,calibration
447,2025-07-12,Calvin Kattar,Steve Garcia,0,0.3404318316585862,0.24283875582988376,calibration
448,2025-07-12,Nate Landwehr,Morgan Charriere,0,0.4616427145061501,0.3644763092130385,calibration
449,2025-07-12,Vitor Petrino,Austen Lane,1,0.8334340639581873,0.8120637847301274,calibration
450,2025-07-12,Junior Tafa,Tuco Tokkos,0,0.7792026446794811,0.7434069832637294,calibration
451,2025-07-12,Max Griffin,Chris Curtis,0,0.6538477109266496,0.5861718063061802,calibration
452,2025-07-12,Jake Matthews,Chidi Njokuani,1,0.6324995986035542,0.5601180057029859,calibration
453,2025-07-12,Lauren Murphy,Eduarda Moura,0,0.28963641177052374,0.1966885910861567,calibration
454,2025-07-12,Kennedy Nzechukwu,Valter Walker,0,0.6326621725837985,0.5603153077256409,calibration
455,2025-07-12,Mitch Ramirez,Mike Davis,0,0.5395939632459212,0.4505919308818852,calibration
456,2025-07-12,Fatima Kline,Melissa Martinez,1,0.6714350719767308,0.6078420044448596,calibration
431,2025-07-19,Max Holloway,Dustin Poirier,1,0.7493173766980713,0.7055030688453122,calibration
432,2025-07-19,Paulo Costa,Roman Kopylov,1,0.5418506851737113,0.45316878904517127,calibration
433,2025-07-19,Kevin Holland,Daniel Rodriguez,0,0.6901834897824505,0.6311253796956547,calibration
434,2025-07-19,Dan Ige,Patricio Freire,0,0.7211414373929591,0.6699174613645423,calibration
435,2025-07-19,Michael Johnson,Daniel Zellhuber,1,0.3286443458769981,0.23186623275833065,calibration
436,2025-07-19,Kyler Phillips,Vinicius Oliveira,0,0.6052924119951725,0.5273560743193952,calibration
437,2025-07-19,Marvin Vettori,Brendan Allen,0,0.6058512256217553,0.5280236537084939,calibration
438,2025-07-19,Francisco Prado,Nikolay Veretennikov,0,0.7508841309718316,0.7074873541885498,calibration
439,2025-07-19,Ateba Gautier,Robert Valentin,1,0.7923840007766709,0.7601371743891494,calibration
440,2025-07-19,Adam Fugitt,Islam Dulatov,0,0.5797518533500686,0.49709779455015646,calibration
441,2025-07-19,Jimmy Crute,Marcin Prachnio,1,0.7968650001803672,0.7658220896591478,calibration
442,2025-07-19,Ryan Spann,Lukasz Brzeski,1,0.6592453333587451,0.5928036269485545,calibration
443,2025-07-19,Brunno Ferreira,Jackson McVey,1,0.6178496647631369,0.5424122938510051,calibration
444,2025-07-19,Carli Judice,Nicolle Caliari,1,0.6273222220903052,0.5538439281617549,calibration
419,2025-07-26,Robert Whittaker,Reinier de Ridder,0,0.6041986897649845,0.5260501421970197,calibration
420,2025-07-26,Petr Yan,Marcus McGhee,1,0.6064980148401018,0.5287966197742072,calibration
421,2025-07-26,Shara Magomedov,Marc-Andre Barriault,1,0.8050199211456952,0.7761614853961399,calibration
422,2025-07-26,Asu Almabayev,Jose Ochoa,1,0.5278610985926118,0.43726760814332966,calibration
423,2025-07-26,Nikita Krylov,Bogdan Guskov,0,0.6888039379701119,0.6294062282621321,calibration
424,2025-07-26,Bryce Mitchell,Said Nurmagomedov,1,0.642446842627402,0.5722219836536918,calibration
425,2025-07-26,Muslim Salikhov,Carlos Leal,1,0.5290123044622844,0.4385695034709425,calibration
426,2025-07-26,Davey Grant,Da'Mon Blackshear,1,0.40443814491099667,0.305114033110322,calibration
427,2025-07-26,Amanda Ribas,Tabatha Ricci,0,0.5697315678905001,0.48536717812881625,calibration
428,2025-07-26,Ibo Aslan,Billy Elekana,0,0.7359441244756441,0.6885869640364337,calibration
429,2025-07-26,Mohammad Yahya,Steven Nguyen,0,0.5531071056028006,0.4660884532439359,calibration
430,2025-07-26,Martin Buday,Marcus Buchecha,1,0.8431051064165973,0.8242145426797335,calibration
407,2025-08-02,Tatsuro Taira,HyunSung Park,1,0.6661746825667787,0.6013421272503444,calibration
408,2025-08-02,Mateusz Rebecki,Chris Duncan,0,0.5988679702689104,0.5196979020943475,calibration
409,2025-08-02,Elves Brener,Esteban Ribovics,0,0.6584168665209099,0.5917846144821802,calibration
410,2025-08-02,Karol Rosa,Nora Cornolle,1,0.5397268953623743,0.45074359614806325,calibration
411,2025-08-02,Neil Magny,Elizeu Zaleski dos Santos,1,0.5552515329604834,0.46856214450198236,calibration
412,2025-08-02,Danny Silva,Kevin Vallejos,0,0.5990968947257989,0.519970256437249,calibration
413,2025-08-02,Rinya Nakamura,Nathan Fletcher,1,0.5171937346619605,0.42526126173323864,calibration
414,2025-08-02,Rodolfo Vieira,Tresean Gore,1,0.7379554204049071,0.6911284238433363,calibration
415,2025-08-02,Nick Klein,Andrey Pulyaev,0,0.6893979959857688,0.6301464139029238,calibration
416,2025-08-02,Austin Bashi,John Yannis,1,0.7398034445888847,0.6934644674784628,calibration
417,2025-08-02,Rafael Estevam,Felipe Bunes,1,0.7901969625290889,0.7573618883542269,calibration
418,2025-08-02,Piera Rodriguez,Ketlen Souza,1,0.6109827959686212,0.5341647375359896,calibration
395,2025-08-09,Roman Dolidze,Anthony Hernandez,0,0.39656336776051926,0.2972112674127643,calibration
396,2025-08-09,Steve Erceg,Ode Osbourne,1,0.7236218660240562,0.6730411697895414,calibration
397,2025-08-09,Iasmin Lucindo,Angela Hill,1,0.8738142560434954,0.8624165194979048,calibration
398,2025-08-09,Andre Fili,Christian Rodriguez,1,0.32862362984940074,0.2318470875536248,calibration
399,2025-08-09,Miles Johns,Jean Matsumoto,0,0.5650004452936075,0.47985710496322986,calibration
400,2025-08-09,Eryk Anders,Christian Leroy Duncan,0,0.39956925839843893,0.3002199997545182,calibration
401,2025-08-09,Julius Walker,Rafael Cerquiera,1,0.8671382439634856,0.8541717874247134,calibration
402,2025-08-09,Elijah Smith,Toshiomi Kazama,1,0.7800833443201406,0.7445249255914593,calibration
403,2025-08-09,Joselyne Edwards,Priscila Cachoeira,1,0.8058153284954962,0.777169387411528,calibration
404,2025-08-09,Uros Medic,Gilbert Urbina,1,0.6261957245316266,0.5524812097216205,calibration
405,2025-08-09,Gabriella Fernandes,Julija Stoliarenko,1,0.6403758602303703,0.5696966994135452,calibration
406,2025-08-09,Cody Brundage,Eric McConico,0,0.6927406876251636,0.634314417278977,calibration
383,2025-08-16,Dricus Du Plessis,Khamzat Chimaev,0,0.6301256817945865,0.5572389956977256,calibration
384,2025-08-16,Lerone Murphy,Aaron Pico,1,0.758378171644444,0.7169842655970332,calibration
385,2025-08-16,Geoff Neal,Carlos Prates,0,0.6314948074561262,0.5588989677181565,calibration
386,2025-08-16,Jared Cannonier,Michael Page,0,0.5812388049756749,0.4988454572171388,calibration
387,2025-08-16,Tim Elliott,Kai Asakura,1,0.480392961708243,0.3846587924890471,calibration
388,2025-08-16,Baisangur Susurkaev,Eric Nolan,1,0.8037114174337934,0.7745031662455379,calibration
389,2025-08-16,Gerald Meerschaert,Michal Oleksiejczuk,0,0.4833858095196371,0.3879123047475661,calibration
390,2025-08-16,Jessica Andrade,Loopy Godinez,0,0.39626229859892703,0.2969104484337621,calibration
391,2025-08-16,Chase Hooper,Alexander Hernandez,0,0.8179978269940887,0.7925892699200805,calibration
392,2025-08-16,Edson Barboza,Drakkar Klose,0,0.40732996237833663,0.30803277124598105,calibration
393,2025-08-16,Karine Silva,Dione Barbosa,1,0.5570628357305303,0.4706546190001646,calibration
394,2025-08-16,Alibi Idiris,Joseph Morales,0,0.6611376430902273,0.5951326550944017,calibration
192,2025-08-22,Shi Ming,Bruna Brasil,0,0.5322988263495666,0.44229279161185175,calibration
193,2025-08-22,Nyamjargal Tumendemberel,Terrance Saeteurn,1,0.695252494967588,0.6374497575947593,calibration
371,2025-08-23,Johnny Walker,Zhang Mingyang,1,0.46651536108825453,0.36968758734798207,calibration
372,2025-08-23,Brian Ortega,Aljamain Sterling,0,0.4801280980448392,0.38437128174848834,calibration
373,2025-08-23,Sergei Pavlovich,Waldo Cortes Acosta,1,0.6948450973331718,0.6369410341112651,calibration
374,2025-08-23,Sumudaerji,Kevin Borjas,1,0.6527139576901438,0.5847810119811431,calibration
375,2025-08-23,Taiyilake Nueraji,Kiefer Crosbie,1,0.8629525507863115,0.8489835457870677,calibration
376,2025-08-23,Maheshate,Gauge Young,0,0.5659487169869108,0.4809600165976165,calibration
377,2025-08-23,Charles Johnson,Lone'er Kavanagh,1,0.443748179135461,0.34554357749902676,calibration
378,2025-08-23,Rongzhu,Austin Hubbard,1,0.8013167313494466,0.7714675445710548,calibration
379,2025-08-23,Michel Pereira,Kyle Daukaus,0,0.7262541129360107,0.6763582300456504,calibration
380,2025-08-23,Yizha,Westin Wilson,1,0.7827733854999815,0.7479395991897677,calibration
381,2025-08-23,Xiao Long,SuYoung You,0,0.5637410961325973,0.47839354522202726,calibration
382,2025-08-23,Uran Satybaldiev,Diyar Nurgozhay,1,0.6418002161904891,0.5714332161402119,calibration
358,2025-09-06,Nassourdine Imavov,Caio Borralho,1,0.7094056662319046,0.6551670875599004,calibration
359,2025-09-06,Benoit Saint Denis,Mauricio Ruffy,1,0.6637969275022814,0.5984091335845104,calibration
360,2025-09-06,Modestas Bukauskas,Paul Craig,1,0.8265962003617114,0.8034476867827337,calibration
361,2025-09-06,Bolaji Oki,Mason Jones,0,0.6850153773515799,0.6246897069882024,calibration
362,2025-09-06,Axel Sola,Rhys McKee,1,0.7591207351003684,0.7179257489393148,calibration
363,2025-09-06,William Gomis,Robert Ruchala,1,0.7145579485703052,0.6616367246801204,calibration
364,2025-09-06,Oumar Sy,Brendson Ribeiro,1,0.832507717283024,0.8108976496669499,calibration
365,2025-09-06,Marcin Tybura,Ante Delija,0,0.7461847826772394,0.7015370708142116,calibration
366,2025-09-06,Harry Hardwick,Kaue Fernandes,0,0.6606325356564239,0.594510773923218,calibration
367,2025-09-06,Sam Patterson,Trey Waters,1,0.5924658950624261,0.5120974230520468,calibration
368,2025-09-06,Brad Tavares,Robert Bryczek,0,0.5193815703384433,0.4277152285900392,calibration
369,2025-09-06,Andreas Gustafsson,Rinat Fakhretdinov,0,0.6359574012572131,0.5643182099863473,calibration
370,2025-09-06,Shauna Bannon,Sam Hughes,0,0.5810461132719705,0.498618880748947,calibration
345,2025-09-13,Diego Lopes,Jean Silva,1,0.5661257552341198,0.4811660083068816,calibration
346,2025-09-13,Rob Font,David Martinez,0,0.4063308395186012,0.3070233395639414,calibration
347,2025-09-13,Rafa Garcia,Jared Gordon,1,0.7364363302182637,0.6892088160783585,calibration
348,2025-09-13,Kelvin Gastelum,Dustin Stoltzfus,1,0.6320601337972003,0.5595847531438702,calibration
349,2025-09-13,Alexander Hernandez,Diego Ferreira,1,0.7387874785373807,0.6921801050819909,calibration
350,2025-09-13,Santiago Luna,Quang Le,1,0.8263715218811969,0.8031642717453443,calibration
351,2025-09-13,Jose Daniel Medina,Dusko Todorovic,0,0.6032540298054406,0.5249229089014007,calibration
352,2025-09-13,Claudio Puelles,Joaquim Silva,0,0.8234979449120583,0.7995378850083109,calibration
353,2025-09-13,Tatiana Suarez,Amanda Lemos,1,0.7685608213622657,0.7299002525569886,calibration
354,2025-09-13,Jesus Aguilar,Luis Gurule,1,0.5916281781700095,0.5111052199040904,calibration
355,2025-09-13,Alessandro Costa,Alden Coria,0,0.6167638084111898,0.5411058700232236,calibration
356,2025-09-13,Montse Rendon,Alice Pereira,1,0.3537726842827468,0.25544592748548817,calibration
357,2025-09-13,Rodrigo Sezinando,Daniil Donchenko,0,0.6971679950548908,0.639842660081996,calibration
333,2025-09-27,Carlos Ulberg,Dominick Reyes,1,0.7365621332130179,0.6893677654563107,calibration
334,2025-09-27,Jimmy Crute,Ivan Erslan,1,0.7864503932523974,0.7526068871726836,calibration
335,2025-09-27,Jack Jenkins,Ramon Taveras,1,0.6778193990335631,0.6157505935233207,calibration
336,2025-09-27,Jake Matthews,Neil Magny,0,0.8084278749015127,0.7804790290938128,calibration
337,2025-09-27,Tom Nolan,Charlie Campbell,1,0.6744917006052594,0.6116257272871454,calibration
338,2025-09-27,Navajo Stirling,Rodolfo Bellato,1,0.8182577510203689,0.7929178549062413,calibration
339,2025-09-27,Cam Rowston,Andre Petroski,1,0.7414748181192458,0.695577919406793,calibration
340,2025-09-27,Jamie Mullarkey,Rolando Bedoya,1,0.6244237517813862,0.550339418955606,calibration
341,2025-09-27,Colby Thicknesse,Josias Musasa,1,0.5951734231059159,0.5153079511798313,calibration
342,2025-09-27,Michelle Montague,Luana Carolina,1,0.6077464088521509,0.5302894235099832,calibration
343,2025-09-27,Brando Pericic,Elisha Ellison,1,0.7808913723642301,0.7455506214780567,calibration
344,2025-09-27,Loma Lookboonmee,Alexia Thainara,0,0.607807513960805,0.5303625211146236,calibration
319,2025-10-04,Magomed Ankalaev,Alex Pereira,0,0.7489936785508728,0.705093164203801,calibration
320,2025-10-04,Merab Dvalishvili,Cory Sandhagen,1,0.6869340516008016,0.6270774756899208,calibration
321,2025-10-04,Jiri Prochazka,Khalil Rountree Jr.,1,0.7620750432799082,0.7216721698744917,calibration
322,2025-10-04,Josh Emmett,Youssef Zalal,0,0.3102442082402835,0.21505432383531162,calibration
323,2025-10-04,Abus Magomedov,Joe Pyfer,0,0.5831459599970181,0.501089579504242,calibration
324,2025-10-04,Ateba Gautier,Tre'ston Vines,1,0.8227386009704789,0.7985791360167582,calibration
325,2025-10-04,Daniel Santos,JooSang Yoo,1,0.7281415619659136,0.6787380453539004,calibration
326,2025-10-04,Patchy Mix,Jakub Wiklacz,0,0.6102431065880476,0.5332783462985782,calibration
327,2025-10-04,Edmen Shahbazyan,Andre Muniz,1,0.7169103933686829,0.664593897262808,calibration
328,2025-10-04,Punahele Soriano,Nikolay Veretennikov,1,0.6695707092995525,0.6055366184253014,calibration
329,2025-10-04,Macy Chiasson,Yana Santos,0,0.6201209142715053,0.5451475859295409,calibration
330,2025-10-04,Chris Gutierrez,Farid Basharat,0,0.47524386192056844,0.37908175131808364,calibration
331,2025-10-04,Ramiz Brahimaj,Austin Vanderford,1,0.490733836659218,0.39593723774639855,calibration
332,2025-10-04,Veronica Hardy,Brogan Walker,1,0.7170407752729273,0.6647578532507616,calibration
307,2025-10-11,Charles Oliveira,Mateusz Gamrot,1,0.46234638289234475,0.3652274123620269,calibration
308,2025-10-11,Deiveson Figueiredo,Montel Jackson,1,0.34025322027575755,0.24267132224190682,calibration
309,2025-10-11,Vicente Luque,Joel Alvarez,0,0.4792362067303461,0.38340363446496667,calibration
310,2025-10-11,Jhonata Diniz,Mario Pinto,0,0.7625702046992885,0.7223001977364446,calibration
311,2025-10-11,Ricardo Ramos,Kaan Ofli,0,0.5820016037057933,0.4997426843786045,calibration
312,2025-10-11,Lucas Almeida,Michael Aswell Jr.,0,0.5600792101514219,0.4741454097894169,calibration
313,2025-10-11,Jafel Filho,Clayton Carpenter,1,0.5482084818361742,0.46045249666048027,calibration
314,2025-10-11,Vitor Petrino,Thomas Petersen,1,0.7217701942238558,0.6707090903062967,calibration
315,2025-10-11,Bia Mesquita,Irina Alekseeva,1,0.6535633557187212,0.5858229104924386,calibration
316,2025-10-11,Lucas Rocha,Stewart Nicoll,1,0.48593422245162177,0.3906895517869766,calibration
317,2025-10-11,Julia Polastri,Karolina Kowalkiewicz,1,0.779120385741508,0.7433025656686355,calibration
318,2025-10-11,Luan Lacerda,Saimon Oliveira,1,0.6478428429733791,0.5788143985310675,calibration
294,2025-10-18,Reinier de Ridder,Brendan Allen,0,0.6668516774563438,0.602177787395402,calibration
295,2025-10-18,Kevin Holland,Mike Malott,0,0.5514597192338516,0.4641907974364771,calibration
296,2025-10-18,Marlon Vera,Aiemann Zahabi,0,0.4810087941126496,0.3853275466320883,calibration
297,2025-10-18,Manon Fiorot,Jasmine Jasudavicius,1,0.6253211751482581,0.5514238692308808,calibration
298,2025-10-18,Charles Jourdain,Davey Grant,1,0.6742917063409252,0.61137800784214,calibration
299,2025-10-18,Kyle Nelson,Matt Frevola,1,0.6643768875783486,0.5991242296236026,calibration
300,2025-10-18,Kyle Prepolec,Drew Dober,0,0.7115382490116258,0.6578437271181077,calibration
301,2025-10-18,Cody Gibson,Aoriqileng,0,0.5278932367967851,0.43730393689573777,calibration
302,2025-10-18,Bruno Silva,HyunSung Park,1,0.42144023636339906,0.32240162804697237,calibration
303,2025-10-18,Danny Barlow,Djorden Santos,0,0.6945062083484784,0.6365179150729199,calibration
304,2025-10-18,Stephanie Luciano,Ravena Oliveira,1,0.5991611730879522,0.5200467363421869,calibration
305,2025-10-18,Azamat Bekoev,Yousri Belgaroui,0,0.7678331859283812,0.7289769580878648,calibration
306,2025-10-18,Melissa Croden,Tainara Lisboa,1,0.5912748272935247,0.5106868690655249,calibration
282,2025-10-25,Virna Jandiroba,Mackenzie Dern,0,0.6574085324565508,0.5905449060105332,calibration
283,2025-10-25,Umar Nurmagomedov,Mario Bautista,1,0.6700535851677702,0.6061335400174178,calibration
284,2025-10-25,Alexander Volkov,Jailton Almeida,1,0.5973057139369459,0.5178403249206889,calibration
285,2025-10-25,Aleksandar Rakic,Azamat Murzakanov,0,0.6609762868903206,0.5949339796688089,calibration
286,2025-10-25,Nasrat Haqparast,Quillan Salkilld,0,0.49158936575665574,0.3968749706167213,calibration
287,2025-10-25,Ikram Aliskerov,JunYong Park,1,0.6827393594146137,0.6218595563697261,calibration
288,2025-10-25,Ludovit Klein,Mateusz Rebecki,1,0.7383058529596067,0.691571332710228,calibration
289,2025-10-25,Valter Walker,Louie Sutherland,1,0.8456246032725345,0.827372263039561,calibration
290,2025-10-25,Nathaniel Wood,Jose Delgado,1,0.4568159915784537,0.35933762342034914,calibration
291,2025-10-25,Hamdy Abdelwahab,Chris Barnett,1,0.8452352614262053,0.8268845233060143,calibration
292,2025-10-25,Azat Maksum,Mitch Raposo,0,0.4977614965625085,0.403660963332148,calibration
293,2025-10-25,Jaqueline Amorim,Mizuki,0,0.6970404753490967,0.6396833081470937,calibration
269,2025-11-01,Steve Garcia,David Onama,1,0.6440822695045504,0.5742180918565889,calibration
270,2025-11-01,Waldo Cortes Acosta,Ante Delija,1,0.7524304582247501,0.7094462035449343,calibration
271,2025-11-01,Jeremiah Wells,Themba Gorimbo,1,0.47702514857903816,0.38100813505219744,calibration
272,2025-11-01,Isaac Dulgarian,Yadier del Valle,0,0.5708813118669435,0.48670901193268845,calibration
273,2025-11-01,Charles Radtke,Daniel Frunza,1,0.5905666071401818,0.5098486608684727,calibration
274,2025-11-01,Allan Nascimento,Cody Durden,1,0.7704991087763896,0.7323599304929017,calibration
275,2025-11-01,Billy Elekana,Kevin Christian,1,0.7261762769064798,0.6762601128359931,calibration
276,2025-11-01,Timmy Cuamba,ChangHo Lee,1,0.6444692819872926,0.5746907040340311,calibration
277,2025-11-01,Donte Johnson,Sedriques Dumas,1,0.7298682702298694,0.6809161238983568,calibration
278,2025-11-01,Ketlen Vieira,Norma Dumont,0,0.4276382090262683,0.32877942736197296,calibration
279,2025-11-01,Alice Ardelean,Montserrat Conejo Ruiz,1,0.7502945056575151,0.7067405439205335,calibration
280,2025-11-01,Phil Rowe,Seokhyeon Ko,0,0.5244656121796715,0.4334346525093921,calibration
281,2025-11-01,Talita Alencar,Ariane Carnelossi,1,0.6527572938373858,0.5848341589712748,calibration
257,2025-11-08,Gabriel Bonfim,Randy Brown,1,0.7569753534271394,0.7152058659077161,calibration
258,2025-11-08,Matt Schnell,Joseph Morales,0,0.4566382526111635,0.3591488446564294,calibration
259,2025-11-08,Muslim Salikhov,Uros Medic,0,0.5949315873465655,0.5150209587962429,calibration
260,2025-11-08,Chris Padilla,Ismael Bonfim,1,0.6507412811665011,0.5823629439840401,calibration
261,2025-11-08,Christian Leroy Duncan,Marco Tulio,1,0.571202205889237,0.4870837120931289,calibration
262,2025-11-08,Hyder Amil,Jamall Emmers,0,0.6408390961771795,0.5702613154927672,calibration
263,2025-11-08,Ricky Simon,Raoni Barcelos,0,0.689682498902906,0.6305009582481642,calibration
264,2025-11-08,Mayra Bueno Silva,Jacqueline Cavalcanti,0,0.25969597576245557,0.1708931293266849,calibration
265,2025-11-08,Josh Hokit,Max Gimenis,1,0.911168863643485,0.9076530498636467,calibration
266,2025-11-08,Tecia Pennington,Denise Gomes,0,0.34611910872230744,0.24818887136442014,calibration
267,2025-11-08,Miles Johns,Daniel Marcos,0,0.5477835352664674,0.45996456516443607,calibration
268,2025-11-08,Zach Reese,Jackson McVey,1,0.7209074860958592,0.6696229412708535,calibration
243,2025-11-15,Jack Della Maddalena,Islam Makhachev,0,0.622833239788181,0.5484188001699263,calibration
244,2025-11-15,Valentina Shevchenko,Zhang Weili,1,0.541498454184061,0.4527662955639461,calibration
245,2025-11-15,Sean Brady,Michael Morales,0,0.5448791163115728,0.4566338608954337,calibration
246,2025-11-15,Leon Edwards,Carlos Prates,0,0.7216885135620794,0.6706062438220719,calibration
247,2025-11-15,Beneil Dariush,Benoit Saint Denis,0,0.5806843528760165,0.4981935849835311,calibration
248,2025-11-15,Bo Nickal,Rodolfo Vieira,1,0.7736943396204606,0.7364151685913163,calibration
249,2025-11-15,Roman Kopylov,Gregory Rodrigues,0,0.5611193917274298,0.47535097361850354,calibration
250,2025-11-15,Erin Blanchfield,Tracy Cortez,1,0.6791074661403832,0.6173487611444682,calibration
251,2025-11-15,Malcolm Wellmaker,Ethyn Ewing,0,0.6516762851545541,0.5835087597477929,calibration
252,2025-11-15,Kyle Daukaus,Gerald Meerschaert,1,0.8223368866932975,0.7980718534742054,calibration
253,2025-11-15,Pat Sabatini,Chepe Mariscal,1,0.5146548864844759,0.42241912016757405,calibration
254,2025-11-15,Angela Hill,Fatima Kline,0,0.2111692565584756,0.13137873969576477,calibration
255,2025-11-15,Baisangur Susurkaev,Eric McConico,1,0.8611888689605329,0.8467933445924277,calibration
256,2025-11-15,Viacheslav Borshchev,Matheus Camilo,0,0.3913568647494309,0.2920228440575946,calibration
229,2025-11-22,Arman Tsarukyan,Dan Hooker,1,0.8531278981002313,0.8367544854104344,calibration
230,2025-11-22,Belal Muhammad,Ian Machado Garry,0,0.5276856109618796,0.43706925489431997,calibration
231,2025-11-22,Volkan Oezdemir,Alonzo Menifield,1,0.6970158061084454,0.6396524816478988,calibration
232,2025-11-22,Jack Hermansson,Myktybek Orolbai,0,0.48120445710946547,0.3855401015851885,calibration
233,2025-11-22,Waldo Cortes Acosta,Shamil Gaziev,1,0.7801780370358259,0.7446451267806947,calibration
234,2025-11-22,Tagir Ulanbekov,Kyoji Horiguchi,0,0.6914725587336158,0.6327325779257695,calibration
235,2025-11-22,Bogdan Grad,Luke Riley,0,0.6039024466617529,0.5256965731239615,calibration
236,2025-11-22,Nicolas Dalby,Saygid Izagakhmaev,1,0.6026983891245518,0.5242601905133475,calibration
237,2025-11-22,Alex Perez,Asu Almabayev,0,0.460271412061979,0.36301399369120346,calibration
238,2025-11-22,Abdul Rakhman Yakhyaev,Rafael Cerqueira,1,0.8713905489239333,0.8594278021071821,calibration
239,2025-11-22,Bekzat Almakhan,Aleksandre Topuria,0,0.41993519468034896,0.32085899500934606,calibration
240,2025-11-22,Ismail Naurdiev,Ryan Loder,1,0.687627015261027,0.6279402968760357,calibration
241,2025-11-22,Nurullo Aliev,Shem Rock,1,0.761046369439732,0.7203675641160922,calibration
242,2025-11-22,Marek Bujlo,Denzel Freeman,0,0.797829907346986,0.767045954928678,calibration
216,2025-12-06,Merab Dvalishvili,Petr Yan,0,0.7398577346939547,0.693533106895319,calibration
217,2025-12-06,Alexandre Pantoja,Joshua Van,0,0.43723976835730444,0.33873858646593435,calibration
218,2025-12-06,Brandon Moreno,Tatsuro Taira,0,0.4905557303227236,0.3957421066596808,calibration
219,2025-12-06,Henry Cejudo,Payton Talbott,0,0.41963343860344693,0.3205499884886745,calibration
220,2025-12-06,Grant Dawson,Manuel Torres,0,0.7116011944169568,0.6579227571966884,calibration
221,2025-12-06,Terrance McKinney,Chris Duncan,0,0.6977937450947839,0.6406247168223205,calibration
222,2025-12-06,Maycee Barber,Karine Silva,1,0.6926045048056951,0.6341445101204892,calibration
223,2025-12-06,Nazim Sadykhov,Fares Ziam,0,0.45882073001821816,0.36146908678613415,calibration
224,2025-12-06,Marvin Vettori,Brunno Ferreira,0,0.6404965810261238,0.5698438269582065,calibration
225,2025-12-06,Edson Barboza,Jalin Turner,0,0.4000514749434969,0.3007035746455861,calibration
226,2025-12-06,Iwo Baraniewski,Ibo Aslan,1,0.7439713449352477,0.6987359755628264,calibration
227,2025-12-06,Mansur Abdul-Malik,Antonio Trocoli,1,0.8749457846271155,0.8638099926539254,calibration
228,2025-12-06,Muhammad Naimov,Mairon Santos,0,0.45541824602890524,0.3578539214162252,calibration
205,2025-12-13,Brandon Royval,Manel Kape,0,0.48460342381585503,0.38923846677514456,calibration
206,2025-12-13,Giga Chikadze,Kevin Vallejos,0,0.40868531107648787,0.30940380252759075,calibration
207,2025-12-13,Cesar Almeida,Cezary Oleksiejczuk,0,0.5755974292927158,0.49222437567579047,calibration
208,2025-12-13,Melquizael Costa,Morgan Charriere,1,0.6809534009614138,0.6196405749751878,calibration
209,2025-12-13,King Green,Lance Gibson Jr.,1,0.5220133552997752,0.43067297229071794,calibration
210,2025-12-13,Neil Magny,Yaroslav Amosov,0,0.5206709079421554,0.4291634634300871,calibration
211,2025-12-13,Joanderson Brito,Isaac Thomson,1,0.583502323394608,0.5015092277280339,calibration
212,2025-12-13,Sean Sharaf,Steven Asplund,0,0.6836927489595185,0.6230447535789609,calibration
213,2025-12-13,Melissa Croden,Luana Santos,0,0.4081003410938505,0.3088118242317251,calibration
214,2025-12-13,Allen Frye Jr.,Guilherme Pat,0,0.797829907346986,0.767045954928678,calibration
215,2025-12-13,Jamey-Lyn Horth,Tereza Bleda,1,0.3905941602875426,0.2912652438698562,calibration
194,2026-01-24,Justin Gaethje,Paddy Pimblett,1,0.5654846928494064,0.48042022796558354,calibration
195,2026-01-24,Sean O'Malley,Song Yadong,1,0.6417661123907733,0.5713916230460049,calibration
196,2026-01-24,Waldo Cortes Acosta,Derrick Lewis,1,0.8528774153917748,0.8364418377230329,calibration
197,2026-01-24,Natalia Silva,Rose Namajunas,1,0.7179259864755848,0.6658711691739589,calibration
198,2026-01-24,Arnold Allen,Jean Silva,0,0.6297253329307698,0.5567538374640316,calibration
199,2026-01-24,Umar Nurmagomedov,Deiveson Figueiredo,1,0.8346543604311786,0.8135993920185691,calibration
200,2026-01-24,Ateba Gautier,Andrey Pulyaev,1,0.8055352022155795,0.7768144380852412,calibration
201,2026-01-24,Nikita Krylov,Modestas Bukauskas,1,0.6415156827256346,0.5710862209909604,calibration
202,2026-01-24,Alex Perez,Charles Johnson,1,0.5363876839244935,0.4469385520883782,calibration
203,2026-01-24,Josh Hokit,Denzel Freeman,1,0.5916144912189897,0.5110890133983672,calibration
204,2026-01-24,Adam Fugitt,Ty Miller,0,0.5097061311671237,0.41689637148697983,calibration
179,2026-01-31,Alexander Volkanovski,Diego Lopes,1,0.6031484847746199,0.5247970065460069,calibration
180,2026-01-31,Dan Hooker,Benoit Saint Denis,0,0.47699182819621977,0.3809720718706211,calibration
181,2026-01-31,Rafael Fiziev,Mauricio Ruffy,0,0.5694967444192961,0.48509325597993413,calibration
182,2026-01-31,Tai Tuivasa,Tallison Teixeira,0,0.4705390594774907,0.3740087642646899,calibration
183,2026-01-31,Quillan Salkilld,Jamie Mullarkey,1,0.8527832532624893,0.8363242959273218,calibration
184,2026-01-31,Junior Tafa,Billy Elekana,0,0.6511042869872691,0.5828077323055507,calibration
185,2026-01-31,Cam Rowston,Cody Brundage,1,0.6957849750793326,0.6381147851445755,calibration
186,2026-01-31,Jacob Malkoun,Torrez Finney,1,0.6490010122465377,0.5802317219148795,calibration
187,2026-01-31,Jonathan Micallef,Oban Elliott,1,0.6264487718208486,0.5527872444109999,calibration
188,2026-01-31,Kaan Ofli,Yizha,1,0.5454672008904043,0.45730766611007556,calibration
189,2026-01-31,Sangwook Kim,Dom Mar Fan,0,0.6471798640728462,0.5780034429128575,calibration
190,2026-01-31,Keiichiro Nakamura,Sebastian Szalay,1,0.7754402530258963,0.7386312029969881,calibration
191,2026-01-31,Sulangrangbo,Lawrence Lui,0,0.7819714416395863,0.7469216372720227,calibration
166,2026-02-07,Mario Bautista,Vinicius Oliveira,1,0.5321348840185386,0.4421068319972997,calibration
167,2026-02-07,Amir Albazi,Kyoji Horiguchi,0,0.5430002721962225,0.4544831776470313,calibration
168,2026-02-07,Jailton Almeida,Rizvan Kuniev,0,0.832726982376781,0.8111737054707188,calibration
169,2026-02-07,Michal Oleksiejczuk,Marc-Andre Barriault,1,0.7823260651762508,0.7473717861266254,calibration
170,2026-02-07,Jean Matsumoto,Farid Basharat,0,0.47407956443123794,0.3778243032579352,calibration
171,2026-02-07,Dustin Jacoby,Julius Walker,1,0.4328008468241513,0.334122452590032,calibration
172,2026-02-07,Alex Morono,Daniil Donchenko,0,0.19385630476613477,0.11798872799652246,calibration
173,2026-02-07,Nikolay Veretennikov,Niko Price,1,0.7264748297006254,0.6766364675699855,calibration
174,2026-02-07,Bruna Brasil,Ketlen Souza,0,0.5555232868538492,0.4688759050589328,calibration
175,2026-02-07,Javid Basharat,Gianni Vazquez,1,0.6942829493390873,0.6362391937736706,calibration
176,2026-02-07,Wang Cong,Eduarda Moura,1,0.6403190032928703,0.569627408693213,calibration
177,2026-02-07,Muin Gafurov,Jakub Wiklacz,0,0.6712416171276139,0.607602699641028,calibration
178,2026-02-07,Klaudia Sygula,Priscila Cachoeira,1,0.8532798061457382,0.8369440743771492,calibration
152,2026-02-21,Sean Strickland,Anthony Hernandez,1,0.3998900121270002,0.3005416292488379,calibration
153,2026-02-21,Geoff Neal,Uros Medic,0,0.6139991218146567,0.5377833828607985,calibration
154,2026-02-21,Dan Ige,Melquizael Costa,0,0.3237717396653044,0.22737654625092982,calibration
155,2026-02-21,Serghei Spivac,Ante Delija,1,0.7516108233755432,0.7084078577489626,calibration
156,2026-02-21,Jacobe Smith,Josiah Harrell,1,0.7418046685838966,0.695995092591571,calibration
157,2026-02-21,Zach Reese,Michel Pereira,0,0.6797896673315441,0.6181955445131564,calibration
158,2026-02-21,Chidi Njokuani,Carlos Leal,0,0.6262378070567268,0.5525321011796859,calibration
159,2026-02-21,Ode Osbourne,Alibi Idiris,0,0.39839720919904636,0.2990456887337092,calibration
160,2026-02-21,Alden Coria,Luis Gurule,1,0.7499132431254142,0.7062576766762118,calibration
161,2026-02-21,Nora Cornolle,Joselyne Edwards,0,0.4893433723616462,0.3944146750373954,calibration
162,2026-02-21,Ramiz Brahimaj,Punahele Soriano,0,0.6318302849692574,0.5593059026804676,calibration
163,2026-02-21,Phil Rowe,Jean-Paul Lebosnoyani,0,0.6256312759925605,0.5517987248959291,calibration
164,2026-02-21,Jordan Leavitt,Yadier del Valle,1,0.5374211063580705,0.4481150847755885,calibration
165,2026-02-21,Juliana Miller,Carli Judice,0,0.3758824290988564,0.2767755142634707,calibration
139,2026-02-28,Brandon Moreno,Lone'er Kavanagh,0,0.5287670693398583,0.4382920674760709,calibration
140,2026-02-28,Marlon Vera,David Martinez,0,0.334434633949651,0.23723655143250044,calibration
141,2026-02-28,Daniel Zellhuber,King Green,0,0.8132587995253366,0.7865951282524791,calibration
142,2026-02-28,Edgar Chairez,Felipe Bunes,1,0.638843998113521,0.5678305676017578,calibration
143,2026-02-28,Imanol Rodriguez,Kevin Borjas,1,0.7086489496943371,0.6542177406176951,calibration
144,2026-02-28,Santiago Luna,Angel Pacheco,1,0.8213398064919069,0.7968125193010802,calibration
145,2026-02-28,Ryan Gandra,Jose Daniel Medina,1,0.8073805814628539,0.779152452557746,calibration
146,2026-02-28,Ailin Perez,Macy Chiasson,1,0.7237163912793195,0.6731602490006496,calibration
147,2026-02-28,Cristian Quinonez,Kris Moutinho,1,0.8609366639101491,0.846479956520359,calibration
148,2026-02-28,Douglas Silva de Andrade,Javier Reyes,0,0.47529596680358177,0.3791380561304202,calibration
149,2026-02-28,Regina Tarin,Ernesta Kareckaite,1,0.6815812313992397,0.6204204472927535,calibration
150,2026-02-28,Erik Silva,Francis Marshall,0,0.4635987179621695,0.36656539524262355,calibration
151,2026-02-28,Damian Pinas,Wes Schultz,1,0.8145543140874215,0.7882343458481196,calibration
127,2026-03-07,Max Holloway,Charles Oliveira,0,0.7169012547636883,0.6645824056397096,calibration
128,2026-03-07,Caio Borralho,Reinier de Ridder,1,0.6764468186703939,0.6140485060030494,calibration
129,2026-03-07,Rob Font,Raul Rosas Jr.,0,0.3085456854364927,0.21352199230329555,calibration
130,2026-03-07,Drew Dober,Michael Johnson,1,0.643359185012239,0.5733353278981379,calibration
131,2026-03-07,Gregory Rodrigues,Brunno Ferreira,1,0.7016795114930172,0.6454848961141184,calibration
132,2026-03-07,Cody Garbrandt,Xiao Long,1,0.4443155999116298,0.346138916893552,calibration
133,2026-03-07,Donte Johnson,Cody Brundage,1,0.8484525933317298,0.8309123788511733,calibration
134,2026-03-07,Ricky Turcios,Alberto Montes,0,0.6072993108111014,0.5297546613015722,calibration
135,2026-03-07,Cody Durden,Nyamjargal Tumendemberel,0,0.3763166399046977,0.27719979384849475,calibration
136,2026-03-07,Sumudaerji,Jesus Aguilar,1,0.6188853205982128,0.5436590961275377,calibration
137,2026-03-07,Rafael Tobias,Diyar Nurgozhay,0,0.8199933151892774,0.7951113709477444,calibration
138,2026-03-07,Luke Fernandez,Rodolfo Bellato,0,0.7025219217381743,0.6465393978589163,calibration
113,2026-03-14,Josh Emmett,Kevin Vallejos,0,0.2553695939155667,0.16725389030120266,calibration
114,2026-03-14,Amanda Lemos,Gillian Robertson,0,0.4294219226529415,0.3306223299444586,calibration
115,2026-03-14,Andre Fili,Jose Delgado,0,0.34976238945083893,0.25163523273211863,calibration
116,2026-03-14,Marwan Rahiki,Harry Hardwick,1,0.6458321265225023,0.5763557316923608,calibration
117,2026-03-14,Ion Cutelaba,Oumar Sy,1,0.4060077600184806,0.30669715410028525,calibration
118,2026-03-14,Charles Johnson,Bruno Silva,1,0.6273734970258631,0.553905975753842,calibration
119,2026-03-14,Chris Curtis,Myktybek Orolbai,0,0.4111362595099763,0.31188806776504574,calibration
120,2026-03-14,Vitor Petrino,Steven Asplund,1,0.5996420570456381,0.520619002305636,calibration
121,2026-03-14,Elijah Smith,SuYoung You,1,0.6948317171476233,0.6369243273350595,calibration
122,2026-03-14,Bolaji Oki,Manoel Sousa,0,0.7068671592060014,0.6519832611766746,calibration
123,2026-03-14,Brad Tavares,Eryk Anders,0,0.5743540111458916,0.49076847486297775,calibration
124,2026-03-14,Bia Mesquita,Montse Rendon,1,0.7098814225479517,0.6557640662614957,calibration
125,2026-03-14,Luan Lacerda,Hecher Sosa,0,0.5964075553658764,0.516773221931178,calibration
126,2026-03-14,Piera Rodriguez,Sam Hughes,1,0.6096112141182475,0.532521446134552,calibration
100,2026-03-21,Movsar Evloev,Lerone Murphy,1,0.6610807587128156,0.5950626125224988,calibration
101,2026-03-21,Luke Riley,Michael Aswell Jr.,1,0.6362844303929509,0.5647158603783777,calibration
102,2026-03-21,Michael Page,Sam Patterson,1,0.6594237104106526,0.5930230825368074,calibration
103,2026-03-21,Iwo Baraniewski,Austen Lane,1,0.540735412616845,0.45189474425260245,calibration
104,2026-03-21,Roman Dolidze,Christian Leroy Duncan,0,0.4361042730847095,0.3375558193624414,calibration
105,2026-03-21,Kurtis Campbell,Danny Silva,0,0.701699661249763,0.6455101154556013,calibration
106,2026-03-21,Mason Jones,Axel Sola,1,0.6083702370955326,0.5310358129669471,calibration
107,2026-03-21,Nathaniel Wood,Losene Keita,1,0.6387291297400348,0.5676906945938905,calibration
108,2026-03-21,Mario Pinto,Felipe Franco,1,0.7967299434518004,0.7656507780686405,calibration
109,2026-03-21,Mantas Kondratavicius,Antonio Trocoli,1,0.8272465276231205,0.8042679211767004,calibration
110,2026-03-21,Louie Sutherland,Brando Pericic,0,0.33858859470340635,0.24111260019326883,calibration
111,2026-03-21,Shem Rock,Abdul-Kareem Al-Selwady,0,0.6685170016918117,0.6042344873903748,calibration
112,2026-03-21,Shanelle Dyer,Ravena Oliveira,1,0.7182977260833922,0.6663387816245625,calibration
88,2026-03-28,Israel Adesanya,Joe Pyfer,0,0.5667393706001267,0.4818801779678606,calibration
89,2026-03-28,Alexa Grasso,Maycee Barber,1,0.37495678215839157,0.27587172772140905,calibration
90,2026-03-28,Michael Chiesa,Niko Price,1,0.8145992647817287,0.7882912143804487,calibration
91,2026-03-28,Julian Erosa,Lerryan Douglas,0,0.5739742264571034,0.49032404075057184,calibration
92,2026-03-28,Mansur Abdul-Malik,Yousri Belgaroui,0,0.6547640070898159,0.587296404636989,calibration
93,2026-03-28,Terrance McKinney,Kyle Nelson,1,0.7143973643616518,0.6614349328063327,calibration
94,2026-03-28,Ignacio Bahamondes,Tofiq Musayev,0,0.7658691915201428,0.7264850717855401,calibration
95,2026-03-28,Chase Hooper,Lance Gibson Jr.,0,0.7454173085422727,0.7005657182890827,calibration
96,2026-03-28,Marcin Tybura,Tyrell Fortune,0,0.761508456674536,0.7209535862435756,calibration
97,2026-03-28,Casey O'Neill,Gabriella Fernandes,1,0.7055099047288972,0.6502820229303165,calibration
98,2026-03-28,Navajo Stirling,Bruno Lopes,1,0.7878851409235953,0.7544279028251842,calibration
99,2026-03-28,Alexia Thainara,Bruna Brasil,1,0.7298325296571745,0.6808710316773201,calibration
75,2026-04-04,Renato Moicano,Chris Duncan,1,0.5929718119681683,0.5126969001447731,calibration
76,2026-04-04,Virna Jandiroba,Tabatha Ricci,1,0.5341765532140287,0.4444244115774885,calibration
77,2026-04-04,Abdul Rakhman Yakhyaev,Brendson Ribeiro,1,0.9208648224082087,0.9190682504414982,calibration
78,2026-04-04,Ethyn Ewing,Rafael Estevam,1,0.5771034267346618,0.49398940422550297,calibration
79,2026-04-04,Tommy McMillen,Manolo Zecchini,1,0.7034831810788731,0.6477430318234381,calibration
80,2026-04-04,Jose Delano,Robert Ruchala,1,0.6103057927740481,0.5333534495662906,calibration
81,2026-04-04,Guilherme Pat,Thomas Petersen,0,0.7199412689937341,0.6684067699360395,calibration
82,2026-04-04,Alessandro Costa,Stewart Nicoll,1,0.6707295434047754,0.6069693587587862,calibration
83,2026-04-04,Lando Vannata,Darrius Flowers,0,0.6111959280379132,0.5344202135217869,calibration
84,2026-04-04,Alice Pereira,Hailey Cowan,1,0.8442649469696603,0.8256686173012454,calibration
85,2026-04-04,Azamat Bekoev,Tresean Gore,0,0.7235242894213055,0.672918249622398,calibration
86,2026-04-04,Dione Barbosa,Melissa Gatto,1,0.4827188739567495,0.38718652518413565,calibration
87,2026-04-04,Kai Kamaka III,Dakota Hope,1,0.7481766166825387,0.7040585939021959,calibration
64,2026-04-11,Jiri Prochazka,Carlos Ulberg,0,0.6224309854514889,0.5479333360997048,calibration
65,2026-04-11,Azamat Murzakanov,Paulo Costa,0,0.7554443366064585,0.7132652728173767,calibration
66,2026-04-11,Curtis Blaydes,Josh Hokit,0,0.5971055191104564,0.5176024201308419,calibration
67,2026-04-11,Dominick Reyes,Johnny Walker,1,0.6560346848413522,0.5888567731082274,calibration
68,2026-04-11,Cub Swanson,Nate Landwehr,1,0.515013023080042,0.42281967893835065,calibration
69,2026-04-11,Patricio Pitbull,Aaron Pico,0,0.6311545818595541,0.5584863500800858,calibration
70,2026-04-11,Kevin Holland,Randy Brown,1,0.555589085406992,0.46895188396701015,calibration
71,2026-04-11,Mateusz Gamrot,Esteban Ribovics,1,0.7242566803955305,0.6738409389605214,calibration
72,2026-04-11,Tatiana Suarez,Loopy Godinez,1,0.6729143952272787,0.6096725998350118,calibration
73,2026-04-11,Kelvin Gastelum,Vicente Luque,0,0.6722410731873604,0.6088392491383355,calibration
74,2026-04-11,Charles Radtke,Francisco Prado,1,0.5990017881348316,0.5198571021063472,calibration
53,2026-04-18,Gilbert Burns,Mike Malott,0,0.4088524909851133,0.30957305220712733,calibration
54,2026-04-18,Kyler Phillips,Charles Jourdain,0,0.6570443778348707,0.5900973381391711,calibration
55,2026-04-18,Mandel Nallo,Jai Herbert,0,0.7421049351977188,0.6963748718260273,calibration
56,2026-04-18,Jasmine Jasudavicius,Karine Silva,1,0.5580930420394284,0.4718459901918218,calibration
57,2026-04-18,Thiago Moises,Gauge Young,0,0.4913979207502345,0.3966650693631752,calibration
58,2026-04-18,Dennis Buzukja,Marcio Barbosa,0,0.5927536356499755,0.5124383518636059,calibration
59,2026-04-18,Julien Leblanc,Robert Valentin,0,0.7173326258273341,0.6651248786712981,calibration
60,2026-04-18,Tanner Boser,Gokhan Saricam,0,0.7383353355588881,0.6916085969222916,calibration
61,2026-04-18,Melissa Croden,Daria Zhelezniakova,1,0.5133892765596899,0.4210045481090572,calibration
62,2026-04-18,JJ Aldrich,Jamey-Lyn Horth,1,0.4659824935083651,0.3691165322072294,calibration
63,2026-04-18,Jamie Siraj,John Yannis,0,0.6591906773389739,0.592736387863573,calibration
40,2026-04-25,Aljamain Sterling,Youssef Zalal,1,0.4994202839000564,0.40549093313111695,calibration
41,2026-04-25,Norma Dumont,Joselyne Edwards,0,0.611838343455606,0.5351904594619887,calibration
42,2026-04-25,Rafa Garcia,Alexander Hernandez,1,0.7175910497506629,0.6654498923782826,calibration
43,2026-04-25,Davey Grant,Adrian Luna Martinetti,1,0.635915899221934,0.5642677506771165,calibration
44,2026-04-25,Montel Jackson,Raoni Barcelos,0,0.7626965438633048,0.7224604418948883,calibration
45,2026-04-25,Marcus Buchecha,Ryan Spann,0,0.7960494491177742,0.764787578822915,calibration
46,2026-04-25,Rodolfo Vieira,Eric McConico,0,0.6488454465743236,0.5800412985742905,calibration
47,2026-04-25,Jackson McVey,Sedriques Dumas,1,0.7203847507707287,0.668964938625627,calibration
48,2026-04-25,Mayra Bueno Silva,Michelle Montague,0,0.41661272717310843,0.31746197941297655,calibration
49,2026-04-25,Jafel Filho,Cody Durden,0,0.7640141333015444,0.7241317305051891,calibration
50,2026-04-25,Francis Marshall,Lucas Brennan,1,0.6774072496004939,0.6152393995559713,calibration
51,2026-04-25,Max Griffin,Victor Valenzuela,0,0.5417542330657102,0.45305856261370614,calibration
52,2026-04-25,Talita Alencar,Julia Polastri,1,0.5116254357052933,0.4190355850560743,calibration
27,2026-05-02,Jack Della Maddalena,Carlos Prates,0,0.7743872384774698,0.7372946297989968,calibration
28,2026-05-02,Beneil Dariush,Quillan Salkilld,0,0.3592048766450048,0.26063632277561377,calibration
29,2026-05-02,Tim Elliott,Steve Erceg,0,0.468013052263522,0.3712941244083275,calibration
30,2026-05-02,Marwan Rahiki,Ollie Schmid,1,0.6825387457126111,0.621610222648548,calibration
31,2026-05-02,Shamil Gaziev,Brando Pericic,0,0.4714826049454709,0.3750243941110735,calibration
32,2026-05-02,Tai Tuivasa,Louie Sutherland,0,0.6641760380394272,0.5988765588538357,calibration
33,2026-05-02,Cam Rowston,Robert Bryczek,1,0.7688261543336419,0.7302369429691168,calibration
34,2026-05-02,Junior Tafa,Kevin Christian,1,0.6245089971763493,0.5504424060702838,calibration
35,2026-05-02,Jacob Malkoun,Gerald Meerschaert,1,0.9113033905826066,0.9078125316133696,calibration
36,2026-05-02,Colby Thicknesse,Vince Morales,1,0.8331433226243068,0.811697823467404,calibration
37,2026-05-02,Ben Johnston,Wes Schultz,0,0.7045238176967408,0.6490464867739825,calibration
38,2026-05-02,Jonathan Micallef,Themba Gorimbo,1,0.6675262825421403,0.6030107503292782,calibration
39,2026-05-02,Dom Mar Fan,Kody Steele,0,0.8258272205791817,0.8024776004801867,calibration
14,2026-05-09,Khamzat Chimaev,Sean Strickland,0,0.8492873028958203,0.8319563864750514,calibration
15,2026-05-09,Joshua Van,Tatsuro Taira,1,0.6052223968576662,0.5272724479243587,calibration
16,2026-05-09,Alexander Volkov,Waldo Cortes Acosta,1,0.7296994828328386,0.6807031759482791,calibration
17,2026-05-09,Sean Brady,Joaquin Buckley,1,0.6745057643508874,0.6116431478964202,calibration
18,2026-05-09,King Green,Jeremy Stephens,1,0.8546728553974883,0.838681968468044,calibration
19,2026-05-09,Ateba Gautier,Ozzy Diaz,1,0.8400505258573161,0.8203816771940268,calibration
20,2026-05-09,Joel Alvarez,Yaroslav Amosov,0,0.6929834522278461,0.6346173211590284,calibration
21,2026-05-09,Grant Dawson,Mateusz Rebecki,1,0.7932601652090286,0.7612488923587717,calibration
22,2026-05-09,Jim Miller,Jared Gordon,1,0.28229537887856504,0.1902658636869196,calibration
23,2026-05-09,Roman Kopylov,Marco Tulio,1,0.469729212842771,0.37313775136395594,calibration
24,2026-05-09,Pat Sabatini,William Gomis,1,0.4973131714444997,0.4031668221068275,calibration
25,2026-05-09,Baisangur Susurkaev,Djorden Santos,1,0.7880197703636176,0.7545987725483474,calibration
26,2026-05-09,Clayton Carpenter,Jose Ochoa,0,0.5100440526028098,0.41727276172818606,calibration
1,2026-05-16,Arnold Allen,Melquizael Costa,1,0.463255421455855,0.36619846430266473,calibration
2,2026-05-16,Dooho Choi,Daniel Santos,1,0.48695222683706285,0.3918007303821927,calibration
3,2026-05-16,Malcolm Wellmaker,Juan Diaz,0,0.614805204754808,0.5387515370103749,calibration
4,2026-05-16,Modestas Bukauskas,Christian Edwards,1,0.651170005683307,0.5828882654941093,calibration
5,2026-05-16,Timmy Cuamba,Benardo Sopaj,0,0.6299753385756631,0.5570567913365448,calibration
6,2026-05-16,Nikolay Veretennikov,Khaos Williams,0,0.5997280231133728,0.5207213228159998,calibration
7,2026-05-16,Tuco Tokkos,Ivan Erslan,0,0.7037387358941377,0.6480630872005745,calibration
8,2026-05-16,Tommy Gantt,Artur Minev,1,0.7481766166825387,0.7040585939021959,calibration
9,2026-05-16,Ketlen Vieira,Jacqueline Cavalcanti,1,0.28969200964543407,0.19673747511901724,calibration
10,2026-05-16,Cody Brundage,Andre Petroski,1,0.5704013879909166,0.4861487742006956,calibration
11,2026-05-16,Alice Ardelean,Polyana Viana,1,0.685268046624445,0.625004049107134,calibration
12,2026-05-16,Daniel Barez,Luis Gurule,0,0.46644965563086915,0.3696171578563793,calibration
13,2026-05-16,Shauna Bannon,Nicolle Caliari,0,0.5956479488005566,0.5158712123569252,calibration
