date,red_fighter,blue_fighter,total_minutes,red_kd,blue_kd,red_sig_str_landed,blue_sig_str_landed,red_sig_str_attempted,blue_sig_str_attempted,red_td_landed,blue_td_landed,red_td_attempted,blue_td_attempted,red_sub_att,blue_sub_att,red_ctrl_seconds,blue_ctrl_seconds
2014-01-01,Fighter 19,Fighter 13,7.5,0.0,0.0,19,22,53,54,0,0,1,1,0,0,35.0715748169669,39.8429150356311
2014-01-12,Fighter 13,Fighter 20,4.3,1.0,0.0,12,9,29,26,0,0,1,0,0,0,61.01596550494929,0.0
2014-01-23,Fighter 04,Fighter 03,15.0,0.0,1.0,63,39,139,109,1,1,2,4,0,2,90.17586210091167,20.10035306222713
2014-02-03,Fighter 17,Fighter 09,15.0,0.0,0.0,49,36,116,90,1,1,3,2,2,0,43.497076387439364,12.182519147343982
2014-02-14,Fighter 02,Fighter 23,15.0,0.0,0.0,42,65,97,127,0,2,1,5,2,1,48.61717605791981,77.9974238154062
2014-02-25,Fighter 26,Fighter 23,12.2,0.0,0.0,21,45,66,88,0,0,1,1,1,0,0.0,57.353999029753595
2014-03-08,Fighter 02,Fighter 17,15.0,0.0,0.0,58,55,133,131,1,1,2,3,0,0,35.91053496732268,73.77354983910534
2014-03-19,Fighter 08,Fighter 14,15.0,0.0,0.0,51,49,131,104,1,1,2,2,0,0,96.578658350153,50.15692808944172
2014-03-30,Fighter 06,Fighter 15,15.0,0.0,0.0,58,49,134,115,2,1,4,3,0,3,139.83843464371137,89.95759427522022
2014-04-10,Fighter 07,Fighter 09,4.3,0.0,0.0,20,9,42,23,1,0,1,1,0,0,75.12753703283599,37.203593103210736
2014-04-21,Fighter 00,Fighter 21,7.5,0.0,0.0,26,29,61,78,0,1,1,1,1,0,18.44899012834724,146.24336869237789
2014-05-02,Fighter 03,Fighter 26,12.2,0.0,1.0,40,21,112,65,1,0,3,0,1,0,55.58294953917115,0.0
2014-05-13,Fighter 21,Fighter 12,12.2,0.0,0.0,43,32,116,69,1,1,3,2,0,0,61.545638705642865,26.832828461832598
2014-05-24,Fighter 18,Fighter 28,15.0,0.0,0.0,24,50,69,100,0,1,1,2,0,1,14.203244509732302,56.6677963042687
2014-06-04,Fighter 09,Fighter 03,4.3,0.0,0.0,12,12,29,34,0,0,1,1,0,0,36.196926113685635,34.73498422851545
2014-06-15,Fighter 27,Fighter 06,15.0,0.0,0.0,36,55,85,128,1,2,2,4,1,0,90.2228595842108,65.11380844159112
2014-06-26,Fighter 24,Fighter 17,7.5,0.0,0.0,26,26,53,62,1,0,2,1,0,0,70.6865199758051,4.793913689601872
2014-07-07,Fighter 06,Fighter 04,15.0,0.0,0.0,43,54,99,119,2,0,5,1,0,0,63.331599484270406,93.07827047760078
2014-07-18,Fighter 14,Fighter 22,12.2,0.0,0.0,49,25,104,61,0,0,1,1,0,0,0.0,4.02791850654264
2014-07-29,Fighter 15,Fighter 23,15.0,0.0,0.0,53,69,125,137,2,1,4,3,1,1,46.46583328328655,69.46729275835796
2014-08-09,Fighter 29,Fighter 12,12.2,0.0,0.0,45,34,90,75,0,1,1,2,0,1,78.84120447579812,0.0
2014-08-20,Fighter 26,Fighter 21,4.3,0.0,0.0,6,13,18,35,0,0,0,1,0,0,27.17711553338339,102.57707449453638
2014-08-31,Fighter 16,Fighter 29,7.5,0.0,0.0,30,28,83,56,0,1,0,1,0,0,23.09738778708431,0.024299581176030927
2014-09-11,Fighter 02,Fighter 10,7.5,0.0,0.0,21,31,49,66,0,0,0,1,0,0,0.0,69.27393880449212
2014-09-22,Fighter 01,Fighter 14,15.0,0.0,0.0,49,51,106,110,1,1,3,2,0,0,100.95159283899837,38.59407225693386
2014-10-03,Fighter 04,Fighter 12,7.5,0.0,0.0,25,21,55,45,0,1,1,2,0,0,27.23093671743727,57.19887667972403
2014-10-14,Fighter 10,Fighter 14,4.3,0.0,0.0,17,14,36,29,0,0,1,0,0,0,26.976155207495445,46.180341426911504
2014-10-25,Fighter 24,Fighter 18,4.3,0.0,0.0,12,7,25,21,0,0,1,0,0,0,15.507682655407983,37.90379787265455
2014-11-05,Fighter 18,Fighter 13,12.2,0.0,0.0,22,37,61,92,0,0,1,1,0,0,33.03577193717446,100.51396293888442
2014-11-16,Fighter 23,Fighter 01,7.5,0.0,0.0,30,31,59,67,0,1,0,2,1,0,53.16025732569197,165.94891344868194
2014-11-27,Fighter 15,Fighter 11,15.0,0.0,0.0,57,54,134,119,2,2,4,4,0,0,54.65693024734691,107.04956413025062
2014-12-08,Fighter 00,Fighter 20,15.0,1.0,0.0,40,25,95,71,1,0,3,0,1,0,38.02024986549289,47.89217152664763
2014-12-19,Fighter 21,Fighter 08,15.0,1.0,0.0,30,61,80,157,1,1,4,2,0,0,153.29507886370868,16.589307870077292
2014-12-30,Fighter 23,Fighter 17,15.0,0.0,1.0,60,42,118,100,1,1,3,2,1,2,137.3329744794919,16.724494210267274
2015-01-10,Fighter 14,Fighter 08,12.2,1.0,0.0,46,49,98,127,1,0,2,1,0,0,30.542607581253293,10.069101827888566
2015-01-21,Fighter 12,Fighter 26,15.0,0.0,0.0,49,25,108,77,1,0,2,1,1,1,39.214358791422725,20.75418828272897
2015-02-01,Fighter 06,Fighter 11,15.0,0.0,1.0,64,54,147,117,1,2,2,4,1,0,48.34457407480002,111.11737587887227
2015-02-12,Fighter 07,Fighter 17,15.0,0.0,0.0,81,37,168,89,2,1,3,2,1,0,126.32401070357221,91.55635494399604
2015-02-23,Fighter 16,Fighter 04,12.2,0.0,0.0,36,59,100,130,0,1,1,2,0,0,0.0,0.0
2015-03-06,Fighter 11,Fighter 18,15.0,0.0,0.0,60,23,132,65,1,0,3,1,1,0,77.96098415067462,25.944046266909012
2015-03-17,Fighter 25,Fighter 10,4.3,0.0,0.0,12,17,27,37,0,0,0,0,0,0,0.0,68.14532232542264
2015-03-28,Fighter 14,Fighter 03,4.3,0.0,0.0,11,15,24,42,0,0,0,1,0,0,93.01371130013581,63.15240895927719
2015-04-08,Fighter 12,Fighter 06,15.0,0.0,0.0,41,64,90,149,1,2,2,4,0,0,54.97005552768037,115.41066836466437
2015-04-19,Fighter 24,Fighter 25,7.5,0.0,1.0,22,21,46,50,1,0,1,1,0,1,0.0,0.0
2015-04-30,Fighter 14,Fighter 17,12.2,0.0,0.0,37,42,78,99,0,1,1,3,1,0,55.00319798838213,23.085324977289133
2015-05-11,Fighter 21,Fighter 14,12.2,0.0,0.0,38,43,101,92,0,1,1,2,0,0,99.53936171740904,57.14031903742712
2015-05-22,Fighter 10,Fighter 24,7.5,0.0,0.0,27,20,59,42,1,0,2,1,0,0,84.86611845938683,34.941442798226674
2015-06-02,Fighter 08,Fighter 14,15.0,0.0,1.0,46,48,120,104,1,1,2,1,0,1,0.0,38.95695610883769
2015-06-13,Fighter 06,Fighter 22,4.3,0.0,0.0,13,9,31,22,0,0,1,1,0,0,7.720886933697983,1.6246395347959606
2015-06-24,Fighter 17,Fighter 21,15.0,1.0,0.0,43,47,103,125,1,1,3,3,1,2,90.85517281012199,98.31480741873327
2015-07-05,Fighter 09,Fighter 25,15.0,1.0,1.0,36,39,89,92,1,1,2,2,0,1,83.56754565475904,41.88619555778299
2015-07-16,Fighter 00,Fighter 20,4.3,0.0,0.0,16,8,39,23,0,0,1,0,0,0,41.507951600465205,47.086060882473426
2015-07-27,Fighter 23,Fighter 24,15.0,0.0,0.0,63,48,124,99,1,1,2,3,0,0,159.44882439047663,125.58340867471547
2015-08-07,Fighter 24,Fighter 05,15.0,0.0,1.0,61,43,123,110,1,1,3,3,0,1,93.1118100383896,86.60683921016262
2015-08-18,Fighter 15,Fighter 19,12.2,0.0,0.0,39,28,91,78,1,1,3,2,0,0,133.22485047323448,4.63409422106281
2015-08-29,Fighter 29,Fighter 27,12.2,0.0,0.0,42,35,85,83,1,1,2,1,0,0,54.70412932720796,48.02694845069928
2015-09-09,Fighter 28,Fighter 08,15.0,0.0,0.0,55,49,110,128,1,1,3,3,1,0,86.77175817121831,0.0
2015-09-20,Fighter 17,Fighter 26,15.0,1.0,0.0,49,18,115,54,1,0,3,1,0,3,94.4212779771814,0.0
2015-10-01,Fighter 12,Fighter 06,4.3,0.0,0.0,14,17,30,39,0,0,1,1,0,0,65.23491712394296,68.92916984903542
2015-10-12,Fighter 08,Fighter 18,4.3,0.0,0.0,17,8,44,22,0,0,0,0,0,1,52.51454577212667,54.17575912977506
2015-10-23,Fighter 11,Fighter 09,4.3,0.0,0.0,16,11,35,27,0,0,1,1,0,0,2.4438893027378015,61.95776064115421
2015-11-03,Fighter 09,Fighter 14,12.2,0.0,0.0,20,44,50,95,0,0,1,1,1,0,0.0,110.39061245098526
2015-11-14,Fighter 13,Fighter 11,12.2,0.0,0.0,35,51,86,110,1,1,3,3,1,0,48.26312881096714,35.971597955354696
2015-11-25,Fighter 16,Fighter 29,15.0,0.0,0.0,39,50,108,100,0,1,1,2,0,0,0.0,0.0
2015-12-06,Fighter 18,Fighter 12,15.0,0.0,0.0,23,55,64,121,0,1,1,4,0,0,0.0,60.12880222500923
2015-12-17,Fighter 24,Fighter 01,12.2,0.0,0.0,34,50,69,108,1,0,2,1,1,0,55.12864565218434,107.48826034818973
2015-12-28,Fighter 15,Fighter 22,7.5,0.0,0.0,28,23,66,56,1,0,1,1,1,0,97.62344918068787,15.471663103655281
2016-01-08,Fighter 13,Fighter 21,4.3,0.0,0.0,12,14,30,38,0,1,1,1,0,0,24.36223627960998,99.50950657361963
2016-01-19,Fighter 11,Fighter 15,15.0,0.0,0.0,46,48,100,113,2,1,5,3,0,0,71.60290469804767,54.28609106410441
2016-01-30,Fighter 15,Fighter 08,7.5,0.0,0.0,26,33,62,85,1,0,2,1,0,1,55.06143950595416,136.27203267697723
2016-02-10,Fighter 02,Fighter 18,12.2,0.0,0.0,37,21,84,59,0,0,1,1,0,0,31.91602774370608,0.0
2016-02-21,Fighter 25,Fighter 22,15.0,0.0,0.0,54,36,128,88,1,1,1,2,0,0,0.0,38.37835245033471
2016-03-03,Fighter 27,Fighter 16,7.5,0.0,0.0,18,22,43,61,1,0,2,0,0,0,55.60073814612418,13.414221309517806
2016-03-14,Fighter 02,Fighter 26,12.2,0.0,0.0,37,25,85,76,0,0,1,1,0,1,14.518002225953285,5.034723397069507
2016-03-25,Fighter 29,Fighter 23,12.2,0.0,0.0,43,57,85,113,0,1,1,3,0,0,76.04081328429457,94.65287289969164
2016-04-05,Fighter 27,Fighter 21,4.3,0.0,0.0,16,12,37,32,0,1,1,1,0,0,0.0,111.41115722451235
2016-04-16,Fighter 18,Fighter 01,4.3,0.0,0.0,7,18,21,39,0,1,0,1,0,0,63.226356102929195,114.74454344738565
2016-04-27,Fighter 03,Fighter 11,12.2,0.0,0.0,34,52,93,113,1,1,4,3,0,0,102.97579300819372,72.90558267651582
2016-05-08,Fighter 09,Fighter 07,15.0,0.0,0.0,30,74,74,153,1,1,4,3,0,0,60.557956774058,61.38518243495629
2016-05-19,Fighter 22,Fighter 08,4.3,0.0,0.0,10,15,25,38,0,0,1,0,0,0,92.48629856030459,88.84301329790658
2016-05-30,Fighter 23,Fighter 26,4.3,0.0,0.0,19,8,38,24,1,0,1,0,0,0,129.0,75.66361524056398
2016-06-10,Fighter 11,Fighter 09,15.0,0.0,0.0,69,37,150,91,2,1,5,2,0,0,94.57545665749406,0.0
2016-06-21,Fighter 09,Fighter 15,15.0,0.0,0.0,36,58,88,137,1,2,3,3,0,0,26.925697083395015,94.37198548609022
2016-07-02,Fighter 08,Fighter 19,15.0,0.0,0.0,41,29,106,80,1,1,2,4,0,0,29.372105730966283,107.19160952258764
2016-07-13,Fighter 08,Fighter 28,15.0,0.0,0.0,50,43,130,86,1,1,2,1,0,0,53.63576769310741,2.1239493251565804
2016-07-24,Fighter 10,Fighter 00,7.5,0.0,0.0,23,21,49,49,0,0,1,1,0,0,160.9762104204388,39.54489330619812
2016-08-04,Fighter 20,Fighter 05,12.2,0.0,1.0,24,38,67,97,0,1,1,2,0,0,33.388505512624484,0.0
2016-08-15,Fighter 06,Fighter 05,15.0,0.0,0.0,41,36,94,91,1,1,3,4,1,1,183.21248854984455,12.183743255274138
2016-08-26,Fighter 04,Fighter 09,15.0,0.0,0.0,62,36,138,89,1,1,2,1,1,1,91.75892377436993,54.72841803533041
2016-09-06,Fighter 10,Fighter 21,15.0,0.0,0.0,73,49,158,130,2,2,4,5,0,0,49.502046105512036,32.432036179785726
2016-09-17,Fighter 04,Fighter 11,4.3,0.0,0.0,14,17,31,37,0,0,0,1,0,1,124.07436161902672,77.79580680592686
2016-09-28,Fighter 18,Fighter 27,15.0,0.0,0.0,27,34,77,81,0,1,1,2,0,0,0.0,64.96238122898356
2016-10-09,Fighter 19,Fighter 14,12.2,1.0,0.0,39,52,108,111,1,0,3,1,0,1,0.0,0.0
2016-10-20,Fighter 19,Fighter 01,4.3,0.0,0.0,9,15,24,33,0,1,1,2,0,0,104.61300919672485,25.535007105111603
2016-10-31,Fighter 03,Fighter 24,15.0,0.0,0.0,47,56,132,113,1,1,2,3,0,0,46.412794611482624,74.96661961793485
2016-11-11,Fighter 08,Fighter 29,7.5,0.0,0.0,29,24,76,48,0,0,1,1,1,0,98.53813524094348,70.25191458302331
2016-11-22,Fighter 12,Fighter 25,15.0,0.0,0.0,52,66,115,156,2,0,4,1,1,0,93.20291043682701,52.57177112985004
2016-12-03,Fighter 15,Fighter 13,15.0,0.0,0.0,57,45,134,112,1,1,2,3,0,2,79.70091986098642,45.46588755290182
2016-12-14,Fighter 04,Fighter 26,7.5,0.0,0.0,31,16,69,50,0,0,1,0,1,1,25.000334005861365,0.0
2016-12-25,Fighter 18,Fighter 24,12.2,0.0,0.0,18,24,50,50,0,1,1,2,0,0,11.498223390835285,126.93519818317182
2017-01-05,Fighter 09,Fighter 11,7.5,0.0,0.0,22,31,55,68,0,1,1,2,0,0,101.61600400720882,67.38206100979454
2017-01-16,Fighter 18,Fighter 00,12.2,0.0,0.0,17,39,48,92,0,1,1,2,0,0,10.17024078692182,85.48079462009142
2017-01-27,Fighter 04,Fighter 23,12.2,0.0,0.0,46,53,102,105,1,1,2,2,0,0,59.68481185259833,0.0
2017-02-07,Fighter 11,Fighter 20,7.5,0.0,0.0,20,15,45,43,1,0,2,0,0,0,44.47436384135588,0.0
2017-02-18,Fighter 01,Fighter 16,7.5,0.0,0.0,27,19,58,54,1,0,3,0,0,0,60.791185309891546,0.0
2017-03-01,Fighter 15,Fighter 19,7.5,0.0,0.0,27,16,64,46,1,1,2,2,0,0,82.89082632550827,48.085715385246964
2017-03-12,Fighter 10,Fighter 19,15.0,0.0,0.0,50,35,107,97,1,1,3,3,0,0,59.49222445034083,138.95605578447555
2017-03-23,Fighter 27,Fighter 02,7.5,1.0,1.0,24,17,56,38,0,0,1,1,0,0,37.1145286964551,24.1676660635025
2017-04-03,Fighter 05,Fighter 04,4.3,0.0,0.0,13,16,33,35,0,0,1,1,0,0,25.26346163599399,63.336201409540095
2017-04-14,Fighter 20,Fighter 07,15.0,0.0,0.0,21,70,58,146,0,1,0,1,0,0,0.0,71.86919484155905
2017-04-25,Fighter 17,Fighter 15,7.5,0.0,0.0,25,28,58,67,1,0,1,1,1,0,16.505072656719136,54.21065621665881
2017-05-06,Fighter 10,Fighter 20,15.0,0.0,0.0,66,34,142,95,1,0,3,1,0,3,76.71142031984313,37.98496037301098
2017-05-17,Fighter 13,Fighter 21,15.0,1.0,0.0,49,46,121,123,1,2,2,5,0,2,86.98282466870884,48.23747909882349
2017-05-28,Fighter 00,Fighter 27,15.0,0.0,0.0,48,39,113,92,1,0,2,1,0,0,121.6253434226802,79.69917665949743
2017-06-08,Fighter 10,Fighter 03,15.0,0.0,0.0,45,54,97,149,2,2,4,5,1,1,55.073579283777164,120.93135179246931
2017-06-19,Fighter 09,Fighter 13,7.5,0.0,0.0,18,23,45,56,0,1,1,2,0,0,62.90161338413648,76.40672447538115
2017-06-30,Fighter 09,Fighter 10,4.3,0.0,0.0,9,15,22,31,0,0,1,1,0,0,92.06286457560032,34.42701821410141
2017-07-11,Fighter 11,Fighter 16,15.0,0.0,0.0,61,59,133,166,1,0,2,1,1,1,29.71139641002067,0.0
2017-07-22,Fighter 03,Fighter 13,4.3,0.0,0.0,13,13,36,33,0,0,1,1,0,0,129.0,105.25976476692682
2017-08-02,Fighter 23,Fighter 07,7.5,0.0,1.0,32,32,62,67,1,1,2,2,0,1,0.0,121.8438223800044
2017-08-13,Fighter 08,Fighter 03,15.0,1.0,0.0,55,59,141,165,0,1,1,3,0,0,79.4680922736207,78.29158336998292
2017-08-24,Fighter 20,Fighter 10,12.2,0.0,0.0,25,53,72,115,0,1,1,2,1,0,21.036249581162025,18.129827899434147
2017-09-04,Fighter 22,Fighter 09,4.3,0.0,0.0,13,11,31,26,0,0,0,1,1,1,123.32710864743513,123.11594500789371
2017-09-15,Fighter 26,Fighter 29,15.0,0.0,0.0,23,60,70,120,0,1,1,1,0,1,35.946764975289184,81.17073808101509
2017-09-26,Fighter 07,Fighter 01,7.5,0.0,0.0,34,26,71,55,1,1,2,2,0,0,103.25632029171629,82.08138572045169
2017-10-07,Fighter 05,Fighter 18,4.3,0.0,0.0,11,10,28,27,0,0,1,0,0,0,56.495709037236544,28.047930430326744
2017-10-18,Fighter 24,Fighter 26,12.2,0.0,0.0,45,25,91,76,1,0,1,1,0,0,61.34555536470568,0.0
2017-10-29,Fighter 12,Fighter 11,15.0,0.0,0.0,44,39,96,85,1,1,2,4,0,0,125.15448000673871,53.098067165899636
2017-11-09,Fighter 22,Fighter 00,7.5,0.0,0.0,16,28,40,66,0,0,1,1,0,1,60.94865093605482,21.38176797510209
2017-11-20,Fighter 16,Fighter 07,12.2,0.0,0.0,31,45,87,94,0,1,1,2,0,1,17.94560761676415,123.46707327759977
2017-12-01,Fighter 01,Fighter 17,4.3,0.0,0.0,19,15,41,36,1,0,1,1,0,0,129.0,49.76197922422578
2017-12-12,Fighter 19,Fighter 26,15.0,0.0,0.0,54,22,149,67,1,0,3,1,0,1,61.137437257462686,0.0
2017-12-23,Fighter 08,Fighter 29,12.2,0.0,1.0,37,42,96,85,1,1,2,1,0,1,66.87138859076617,49.92264964788298
2018-01-03,Fighter 06,Fighter 20,15.0,1.0,0.0,75,28,173,78,1,0,4,1,0,0,71.10414846283757,64.90186577467182
2018-01-14,Fighter 05,Fighter 20,15.0,0.0,0.0,28,25,71,69,1,0,3,1,1,1,64.19661982997744,0.0
2018-01-25,Fighter 12,Fighter 06,15.0,0.0,1.0,55,76,120,176,1,1,3,2,0,1,63.73463867954445,99.41733204544988
2018-02-05,Fighter 11,Fighter 22,15.0,0.0,0.0,49,30,106,74,1,0,2,1,1,1,92.00682527915835,99.42752892072913
2018-02-16,Fighter 15,Fighter 10,7.5,0.0,0.0,31,30,73,64,1,1,2,3,0,1,127.61660136042258,164.5262411130876
2018-02-27,Fighter 13,Fighter 27,4.3,0.0,0.0,16,12,41,29,0,0,1,1,0,0,123.5779305415494,49.93498665199712
2018-03-10,Fighter 18,Fighter 05,15.0,0.0,0.0,22,43,61,108,0,1,1,2,0,0,53.986975338833204,88.36278733734832
2018-03-21,Fighter 16,Fighter 21,15.0,0.0,0.0,43,48,119,129,0,2,1,5,0,2,22.82596758485726,127.93226556204174
2018-04-01,Fighter 29,Fighter 28,15.0,0.0,0.0,53,42,107,84,1,1,2,2,1,1,103.36807879349448,26.358429774945684
2018-04-12,Fighter 16,Fighter 17,12.2,0.0,0.0,40,43,113,102,0,1,1,2,0,0,77.43164235959043,0.0
2018-04-23,Fighter 04,Fighter 25,7.5,1.0,0.0,24,18,53,43,0,0,0,1,0,0,49.34390197275076,7.349734054037466
2018-05-04,Fighter 09,Fighter 05,12.2,0.0,0.0,29,38,71,97,0,1,1,2,1,0,125.6369417974843,0.0
2018-05-15,Fighter 12,Fighter 25,12.2,0.0,0.0,36,43,79,102,1,0,2,1,1,1,32.26272166534077,54.56244156832821
2018-05-26,Fighter 25,Fighter 18,12.2,0.0,0.0,32,15,75,41,0,0,1,1,0,0,112.95094296997533,21.790316788865333
2018-06-06,Fighter 13,Fighter 07,15.0,0.0,0.0,49,55,121,113,0,2,1,3,1,1,100.67368852634428,74.81544863696828
2018-06-17,Fighter 02,Fighter 20,15.0,0.0,1.0,49,23,111,64,1,0,2,0,0,0,109.83143994445162,96.06169775286932
2018-06-28,Fighter 17,Fighter 13,15.0,0.0,1.0,57,49,135,122,1,1,2,4,1,1,79.17439801508851,29.4166638741487
2018-07-09,Fighter 19,Fighter 16,15.0,0.0,0.0,33,43,91,120,1,0,4,1,0,1,104.08048739292386,20.586009775001408
2018-07-20,Fighter 09,Fighter 03,15.0,0.0,0.0,35,47,86,130,1,1,3,2,0,4,56.157794176556294,49.32441554783129
2018-07-31,Fighter 16,Fighter 19,15.0,0.0,0.0,48,34,133,94,0,1,1,4,1,2,49.95013412356743,64.32905530283193
2018-08-11,Fighter 22,Fighter 01,4.3,0.0,0.0,4,16,11,34,0,0,1,1,0,0,82.35118412761383,80.21805790331486
2018-08-22,Fighter 15,Fighter 23,15.0,0.0,0.0,61,69,144,136,1,1,3,3,0,1,104.06509296976307,67.35710599874645
2018-09-02,Fighter 10,Fighter 29,7.5,0.0,0.0,31,27,66,54,1,0,1,0,0,0,102.56999103865171,56.17586352540542
2018-09-13,Fighter 25,Fighter 22,15.0,0.0,0.0,36,31,86,74,1,0,2,1,0,1,70.85936609083771,30.04047944781341
2018-09-24,Fighter 04,Fighter 11,7.5,0.0,0.0,29,34,64,74,0,1,1,3,1,0,0.0,98.08653999947181
2018-10-05,Fighter 02,Fighter 07,7.5,0.0,0.0,23,32,53,67,0,1,1,2,0,1,29.90038982813685,38.899144034001765
2018-10-16,Fighter 02,Fighter 22,15.0,0.0,0.0,53,37,121,91,0,1,1,2,1,1,0.0,7.073398551670103
2018-10-27,Fighter 29,Fighter 26,4.3,0.0,0.0,13,8,27,25,0,0,1,0,0,0,9.72987308370243,27.09571931324982
2018-11-07,Fighter 09,Fighter 15,12.2,0.0,0.0,35,40,88,94,1,1,2,3,0,0,57.71330911294465,116.57856581213125
2018-11-18,Fighter 21,Fighter 15,15.0,0.0,0.0,59,55,158,129,2,2,5,4,0,1,95.60377508867717,58.68450629388824
2018-11-29,Fighter 10,Fighter 02,15.0,0.0,0.0,43,64,92,145,2,0,4,1,0,0,147.397223966987,51.10731556697777
2018-12-10,Fighter 07,Fighter 09,12.2,0.0,0.0,50,31,104,77,1,0,3,1,1,1,95.4647104429797,27.599499923154163
2018-12-21,Fighter 14,Fighter 06,7.5,0.0,0.0,26,35,56,81,0,1,1,2,0,0,57.886752696758904,99.49179344257895
2019-01-01,Fighter 25,Fighter 06,7.5,0.0,0.0,24,29,56,67,0,0,1,1,2,0,0.0,84.60519074139559
2019-01-12,Fighter 07,Fighter 02,15.0,0.0,0.0,89,47,185,106,1,0,2,1,0,2,84.38212506858308,11.625850234946906
2019-01-23,Fighter 18,Fighter 10,7.5,0.0,0.0,14,37,38,80,0,1,0,1,0,1,0.0,26.547425965168934
2019-02-03,Fighter 02,Fighter 13,15.0,0.0,0.0,58,46,133,114,0,1,1,2,0,1,0.0,6.539117067125481
2019-02-14,Fighter 24,Fighter 22,4.3,0.0,0.0,13,9,26,22,0,0,1,0,0,1,110.15423954434135,30.700263391325926
2019-02-25,Fighter 16,Fighter 11,4.3,0.0,0.0,17,21,46,47,0,0,0,1,0,0,28.380830554802213,74.68620811916654
2019-03-08,Fighter 00,Fighter 17,7.5,0.0,0.0,30,22,71,52,1,0,1,1,0,0,90.12947078128602,0.0
2019-03-19,Fighter 17,Fighter 09,12.2,0.0,0.0,43,23,101,56,1,1,2,2,0,0,124.0960023044637,2.032000443774926
2019-03-30,Fighter 01,Fighter 23,4.3,0.0,0.0,12,19,27,37,1,0,2,1,0,0,77.83623667454475,83.20904390620564
2019-04-10,Fighter 03,Fighter 16,15.0,0.0,0.0,48,49,134,138,1,0,3,1,0,0,63.76175762293905,0.0
2019-04-21,Fighter 17,Fighter 15,15.0,0.0,0.0,43,56,101,132,1,2,3,4,0,1,157.69323443121743,134.25957207585785
2019-05-02,Fighter 03,Fighter 04,7.5,0.0,0.0,29,34,82,77,1,0,2,1,0,0,38.380972212426315,71.49345564859772
2019-05-13,Fighter 02,Fighter 19,12.2,0.0,0.0,54,34,123,94,0,0,1,1,0,0,72.66665112933646,23.655392064271666
2019-05-24,Fighter 20,Fighter 18,4.3,0.0,0.0,12,6,33,17,0,0,0,0,0,0,0.0,7.461328761130213
2019-06-04,Fighter 24,Fighter 07,4.3,0.0,0.0,14,16,29,32,0,1,1,2,0,0,90.47486921338363,51.77524168643518
2019-06-15,Fighter 01,Fighter 10,15.0,0.0,0.0,58,59,126,128,2,1,4,3,0,0,60.6423625066605,40.975394527902765
2019-06-26,Fighter 26,Fighter 14,15.0,0.0,1.0,29,42,90,90,0,1,0,2,0,1,39.10235320845701,63.92827469679987
2019-07-07,Fighter 21,Fighter 00,4.3,0.0,0.0,14,14,37,34,0,0,1,0,0,0,107.06340974613019,39.397814838696135
2019-07-18,Fighter 27,Fighter 04,4.3,0.0,0.0,11,17,27,38,0,0,0,0,0,0,38.047780956271374,0.0
2019-07-29,Fighter 03,Fighter 00,15.0,0.0,0.0,43,54,120,129,1,1,3,2,0,0,61.89474677187797,11.828287352622105
2019-08-09,Fighter 18,Fighter 16,15.0,0.0,0.0,30,45,86,125,0,0,1,1,1,1,5.658645905483853,0.0
2019-08-20,Fighter 02,Fighter 12,12.2,0.0,0.0,47,41,107,90,0,1,1,2,1,0,0.0,109.5990441625948
2019-08-31,Fighter 12,Fighter 14,15.0,0.0,0.0,56,59,123,126,1,1,2,2,1,0,34.54323127897185,0.0
2019-09-11,Fighter 14,Fighter 06,7.5,0.0,0.0,25,27,55,62,0,1,1,3,0,0,38.26419376778786,38.802266351517005
2019-09-22,Fighter 00,Fighter 01,4.3,0.0,0.0,17,15,41,32,0,0,1,1,0,0,5.55926888732116,129.0
2019-10-03,Fighter 01,Fighter 06,4.3,0.0,0.0,12,16,26,37,1,0,1,1,0,0,129.0,92.39153013021483
2019-10-14,Fighter 20,Fighter 04,12.2,0.0,0.0,20,53,56,117,0,0,1,1,0,0,71.09142695850294,3.943225862254323
2019-10-25,Fighter 02,Fighter 06,15.0,0.0,0.0,55,76,125,175,0,1,1,4,1,0,58.858783673121025,107.22848722951663
2019-11-05,Fighter 09,Fighter 12,4.3,0.0,0.0,11,10,26,23,0,0,1,1,0,0,80.94973018742937,36.79439724872713
2019-11-16,Fighter 00,Fighter 08,15.0,0.0,0.0,33,55,77,141,1,0,3,1,0,0,43.761387969172254,27.207430317395527
2019-11-27,Fighter 01,Fighter 07,4.3,0.0,0.0,12,18,26,36,1,0,2,1,0,0,100.30895717989364,129.0
2019-12-08,Fighter 00,Fighter 19,15.0,0.0,0.0,60,44,143,121,1,2,2,5,0,0,75.74396377570403,48.20464794931003
2019-12-19,Fighter 29,Fighter 15,15.0,0.0,0.0,48,51,97,120,1,1,1,3,2,0,24.998921633118265,37.18827244761061
2019-12-30,Fighter 24,Fighter 27,15.0,0.0,0.0,49,46,101,108,1,1,3,2,0,0,4.619802241962198,67.94196554137656
2020-01-10,Fighter 12,Fighter 17,7.5,0.0,0.0,28,26,62,62,0,0,1,1,0,0,102.94448102690825,63.42615398859812
2020-01-21,Fighter 21,Fighter 12,15.0,0.0,0.0,37,47,99,103,0,1,1,3,0,1,83.34298185876874,31.399892104379518
2020-02-01,Fighter 25,Fighter 28,12.2,0.0,0.0,30,41,70,82,0,1,1,2,0,0,0.0,94.35917145760983
2020-02-12,Fighter 07,Fighter 18,15.0,0.0,1.0,68,25,141,72,2,0,4,1,0,1,135.61944127773074,0.0
2020-02-23,Fighter 13,Fighter 02,4.3,0.0,0.0,15,14,38,32,0,0,0,1,0,0,61.07048563981276,37.882097847317866
2020-03-05,Fighter 12,Fighter 01,7.5,1.0,0.0,27,26,59,55,0,1,1,2,0,0,37.94485797150905,96.78435933366751
2020-03-16,Fighter 04,Fighter 21,12.2,0.0,0.0,45,54,101,145,0,0,1,1,0,0,31.21479428120862,43.17500991125836
2020-03-27,Fighter 14,Fighter 08,4.3,0.0,0.0,20,16,42,41,0,0,1,1,1,0,87.3272163734221,70.84111734585477
2020-04-07,Fighter 07,Fighter 18,15.0,0.0,0.0,65,25,136,71,1,0,3,1,0,0,138.10968370607603,55.87628573786528
2020-04-18,Fighter 15,Fighter 11,7.5,0.0,0.0,26,26,61,58,1,1,2,2,0,1,161.78710530146748,118.46592426583948
2020-04-29,Fighter 26,Fighter 04,7.5,0.0,0.0,15,22,45,49,0,0,0,1,0,0,0.0,12.191012586339923
2020-05-10,Fighter 23,Fighter 21,15.0,0.0,0.0,55,46,108,122,2,2,5,4,0,0,26.476147585056502,87.33429833920967
2020-05-21,Fighter 12,Fighter 05,7.5,0.0,0.0,33,17,73,43,0,0,1,1,0,0,54.712689015883456,54.85623669929094
2020-06-01,Fighter 23,Fighter 16,12.2,1.0,0.0,50,30,99,83,1,0,2,0,2,0,65.5860857291988,80.30746438831673
2020-06-12,Fighter 26,Fighter 19,15.0,0.0,0.0,24,44,75,122,0,1,1,2,0,0,30.971540604173015,48.52514976702089
2020-06-23,Fighter 16,Fighter 27,4.3,0.0,0.0,13,10,37,23,0,0,0,1,0,1,7.837403664015492,113.46252309503402
2020-07-04,Fighter 14,Fighter 19,15.0,0.0,0.0,57,38,123,105,1,1,2,3,0,2,144.9844963681808,68.628572822123
2020-07-15,Fighter 18,Fighter 17,15.0,0.0,0.0,29,61,82,145,0,1,1,3,0,0,14.948688161196914,89.29236049452047
2020-07-26,Fighter 24,Fighter 27,4.3,0.0,0.0,14,13,29,31,0,0,1,0,0,0,68.09143859918949,72.90918845956607
2020-08-06,Fighter 29,Fighter 08,15.0,0.0,0.0,50,59,100,154,0,1,1,2,0,0,51.28424818317842,11.975049445276227
2020-08-17,Fighter 12,Fighter 24,4.3,0.0,0.0,15,13,34,26,0,0,1,1,0,0,6.370101695932846,111.85820933983753
2020-08-28,Fighter 08,Fighter 11,12.2,0.0,0.0,39,46,102,101,1,1,2,3,0,1,0.0,74.224509642584
2020-09-08,Fighter 09,Fighter 05,15.0,0.0,0.0,27,34,66,87,1,1,2,3,0,0,113.21388991420851,55.63577125300114
2020-09-19,Fighter 23,Fighter 20,12.2,0.0,0.0,42,19,82,54,1,0,2,1,1,0,89.4804721908898,24.637740588327716
2020-09-30,Fighter 05,Fighter 28,15.0,0.0,0.0,36,41,91,83,1,1,3,2,1,1,121.29951985035089,75.69332260649261
2020-10-11,Fighter 26,Fighter 21,15.0,1.0,0.0,27,48,83,127,0,1,1,4,0,0,52.16771265679558,78.43131951319062
2020-10-22,Fighter 02,Fighter 28,15.0,0.0,0.0,42,41,96,82,0,1,1,2,0,2,5.834788711794168,50.228680515204005
2020-11-02,Fighter 14,Fighter 28,7.5,0.0,0.0,35,24,74,48,0,1,1,1,0,0,0.0,52.528909314648146
2020-11-13,Fighter 27,Fighter 14,4.3,0.0,0.0,13,16,30,34,0,0,1,0,0,0,63.14330401960718,24.100397424613117
2020-11-24,Fighter 18,Fighter 22,12.2,1.0,0.0,27,26,76,64,0,1,1,2,2,0,18.903542490113825,8.559638274042442
2020-12-05,Fighter 10,Fighter 27,15.0,0.0,0.0,66,30,142,72,1,1,2,2,2,0,118.14221676411725,0.0
2020-12-16,Fighter 10,Fighter 29,15.0,0.0,0.0,59,53,126,106,1,1,2,2,0,0,8.700075719603774,26.025695650435154
2020-12-27,Fighter 03,Fighter 18,12.2,0.0,1.0,41,18,114,50,1,0,3,1,1,1,21.417891264633276,30.26468721895772
2021-01-07,Fighter 03,Fighter 09,12.2,0.0,0.0,42,36,116,89,1,1,4,2,0,0,104.8062125458402,43.10965122848161
2021-01-18,Fighter 08,Fighter 28,15.0,0.0,0.0,63,46,164,92,1,1,2,1,0,0,109.24554078129027,50.54157303617977
2021-01-29,Fighter 15,Fighter 04,12.2,0.0,0.0,45,48,107,107,1,0,2,1,0,0,137.78128702283897,73.09033705793864
2021-02-09,Fighter 07,Fighter 28,15.0,1.0,0.0,83,48,173,96,2,1,3,1,0,0,118.96838034614281,85.26906506640756
2021-02-20,Fighter 09,Fighter 04,12.2,0.0,0.0,27,39,67,87,1,0,2,0,1,1,0.0,43.83863204189571
2021-03-03,Fighter 29,Fighter 18,15.0,0.0,0.0,58,28,116,81,0,0,1,1,0,0,28.19424823029412,0.0
2021-03-14,Fighter 10,Fighter 19,15.0,1.0,0.0,59,43,128,118,2,1,4,2,0,1,42.03121938223903,75.36074286089267
2021-03-25,Fighter 14,Fighter 23,4.3,0.0,0.0,13,15,27,30,0,0,1,0,0,0,0.0,106.68423544747651
2021-04-05,Fighter 04,Fighter 14,4.3,0.0,0.0,16,13,36,27,0,0,0,0,0,0,38.69757393792458,29.73765542990956
2021-04-16,Fighter 18,Fighter 29,12.2,0.0,0.0,21,37,59,73,0,0,0,1,0,0,0.0,98.88666664965979
2021-04-27,Fighter 03,Fighter 25,15.0,1.0,0.0,38,47,106,111,1,1,3,1,1,0,94.11134263590608,54.041316561787305
2021-05-08,Fighter 20,Fighter 00,4.3,0.0,0.0,7,14,19,34,0,0,0,0,0,0,107.48846140952668,46.206794144134705
2021-05-19,Fighter 17,Fighter 00,12.2,0.0,0.0,59,46,140,109,1,1,2,2,0,0,68.55217918023696,73.90168917306303
2021-05-30,Fighter 21,Fighter 12,7.5,0.0,0.0,23,20,61,45,1,0,2,1,0,0,90.23931021461317,0.0
2021-06-10,Fighter 03,Fighter 19,15.0,0.0,0.0,54,43,150,121,1,1,3,4,0,1,143.48673363960137,48.868741564662535
2021-06-21,Fighter 27,Fighter 19,15.0,0.0,0.0,44,44,103,121,1,1,2,4,0,1,18.637543794393263,0.0
2021-07-02,Fighter 27,Fighter 12,7.5,0.0,0.0,21,22,49,49,0,0,1,1,0,0,103.52759263831688,147.46191656102417
2021-07-13,Fighter 03,Fighter 22,15.0,0.0,0.0,38,36,105,88,2,1,5,2,1,0,2.8197030110400547,64.92911691706779
2021-07-24,Fighter 13,Fighter 11,15.0,0.0,0.0,39,76,96,166,1,2,3,4,0,2,58.96969924166495,16.4649593330348
2021-08-04,Fighter 18,Fighter 14,12.2,0.0,0.0,23,48,66,104,0,0,1,1,1,0,19.61629612785229,2.92851414069154
2021-08-15,Fighter 14,Fighter 29,7.5,1.0,0.0,33,30,71,61,0,0,1,1,0,0,12.333580188727478,52.93831722603242
2021-08-26,Fighter 14,Fighter 22,12.2,0.0,0.0,36,32,77,77,1,0,2,1,0,0,0.0,19.526792854571386
2021-09-06,Fighter 21,Fighter 22,12.2,0.0,0.0,39,30,103,72,0,0,1,1,0,0,40.95498087993842,11.732895395409297
2021-09-17,Fighter 12,Fighter 18,12.2,0.0,0.0,46,24,100,68,0,0,1,1,1,0,79.85899221970418,23.99419020967654
2021-09-28,Fighter 23,Fighter 28,15.0,0.0,0.0,49,45,96,91,2,1,5,2,0,1,31.179696381902403,63.60471551996472
2021-10-09,Fighter 27,Fighter 00,12.2,0.0,0.0,21,42,49,99,1,1,1,1,0,0,34.80405147363656,28.48680120825721
2021-10-20,Fighter 19,Fighter 16,12.2,0.0,1.0,29,40,79,112,0,0,1,1,0,0,70.92357794787522,10.043534103026461
2021-10-31,Fighter 25,Fighter 19,15.0,0.0,1.0,44,39,105,107,0,1,1,3,0,0,41.05407216359251,100.11920700175392
2021-11-11,Fighter 20,Fighter 01,12.2,0.0,0.0,26,42,72,91,0,1,0,2,0,0,33.54623287421569,110.80358425417465
2021-11-22,Fighter 01,Fighter 23,15.0,1.0,1.0,57,70,122,137,1,1,3,3,0,1,110.39264348165452,126.24973166161985
2021-12-03,Fighter 18,Fighter 27,4.3,0.0,0.0,7,14,21,34,0,0,0,0,0,0,0.0,0.0
2021-12-14,Fighter 28,Fighter 18,15.0,0.0,0.0,57,27,114,76,1,0,3,0,1,0,54.5684375507857,40.19850742451605
2021-12-25,Fighter 07,Fighter 25,15.0,0.0,0.0,84,49,174,116,2,1,4,1,0,1,86.0458158708629,0.0
2022-01-05,Fighter 15,Fighter 08,15.0,0.0,0.0,50,66,117,171,1,0,3,1,1,0,118.76588159983109,28.809930319466716
2022-01-16,Fighter 02,Fighter 23,15.0,0.0,0.0,37,63,85,125,1,1,2,2,0,0,25.83738312499934,117.81992239234248
2022-01-27,Fighter 04,Fighter 24,12.2,0.0,0.0,54,38,121,77,0,1,1,3,0,0,0.0,36.42410860581518
2022-02-07,Fighter 01,Fighter 10,4.3,0.0,0.0,15,19,31,40,0,0,1,1,0,0,44.31745019501711,129.0
2022-02-18,Fighter 23,Fighter 21,7.5,0.0,0.0,21,28,41,75,1,1,2,1,0,0,79.24451478328524,93.0415318783863
2022-03-01,Fighter 24,Fighter 10,7.5,0.0,0.0,25,32,51,68,1,1,2,2,0,0,0.0,35.01828965260273
2022-03-12,Fighter 18,Fighter 00,15.0,0.0,0.0,30,62,84,147,0,1,1,2,0,0,81.03631371278397,75.80407642068879
2022-03-23,Fighter 00,Fighter 09,4.3,0.0,0.0,16,8,38,21,0,0,1,1,1,0,129.0,18.5659844513864
2022-04-03,Fighter 10,Fighter 13,15.0,0.0,0.0,57,45,124,113,2,1,4,3,0,1,53.595092580089556,41.15165388483693
2022-04-14,Fighter 11,Fighter 06,12.2,1.0,0.0,41,46,89,107,1,1,3,3,0,0,112.61533548208931,44.638178442183
2022-04-25,Fighter 06,Fighter 27,15.0,0.0,0.0,46,52,106,123,1,1,3,2,0,0,114.39085213658282,8.990097789254833
2022-05-06,Fighter 23,Fighter 21,15.0,1.0,0.0,61,54,121,143,1,1,3,3,0,0,90.47248509497012,101.93496534699699
2022-05-17,Fighter 05,Fighter 18,15.0,0.0,0.0,58,25,147,72,1,0,2,1,0,1,12.471226708647826,20.28877083571701
2022-05-28,Fighter 09,Fighter 19,7.5,0.0,0.0,18,23,45,63,1,1,1,2,0,0,0.0,22.70573750229123
2022-06-08,Fighter 08,Fighter 06,15.0,0.0,0.0,59,58,154,133,1,2,2,4,2,0,13.468671038732445,159.402151202582
2022-06-19,Fighter 24,Fighter 08,15.0,0.0,0.0,41,55,84,143,1,1,3,2,1,0,92.78436383832442,23.154127925940976
2022-06-30,Fighter 05,Fighter 13,15.0,0.0,1.0,53,47,134,116,1,1,3,3,1,0,15.977583943336526,108.69362326230814
2022-07-11,Fighter 24,Fighter 01,4.3,0.0,0.0,16,15,32,32,0,0,1,1,0,0,102.50650967231415,129.0
2022-07-22,Fighter 00,Fighter 23,15.0,0.0,1.0,64,61,153,121,0,1,1,3,0,1,47.26211640967145,49.899129832356145
2022-08-02,Fighter 12,Fighter 08,12.2,0.0,0.0,44,40,97,103,1,1,2,1,0,1,105.10861120296728,15.946186568268907
2022-08-13,Fighter 14,Fighter 10,7.5,0.0,0.0,24,26,52,57,0,0,1,1,0,0,69.08404828202065,0.0
2022-08-24,Fighter 13,Fighter 07,12.2,0.0,0.0,32,63,78,130,1,1,2,3,0,0,24.153454478028998,84.5710005838906
2022-09-04,Fighter 03,Fighter 29,7.5,0.0,0.0,25,28,69,56,1,0,3,1,0,0,43.08992291548654,19.099177955676588
2022-09-15,Fighter 19,Fighter 18,4.3,0.0,0.0,12,8,32,22,0,0,1,0,0,0,49.67070023257676,55.226203923215714
2022-09-26,Fighter 19,Fighter 15,4.3,0.0,0.0,7,16,21,37,0,1,1,1,0,0,55.2773104750278,91.14983367397757
2022-10-07,Fighter 01,Fighter 09,4.3,0.0,0.0,14,10,30,25,0,0,1,0,0,0,129.0,0.0
2022-10-18,Fighter 22,Fighter 21,12.2,1.0,0.0,31,34,75,91,1,1,2,2,0,0,0.0,31.9207053406033
2022-10-29,Fighter 03,Fighter 06,12.2,1.0,0.0,37,49,103,113,1,1,3,2,0,2,45.74170223908146,132.41178437419816
2022-11-09,Fighter 09,Fighter 26,15.0,0.0,0.0,39,27,96,83,1,0,2,1,2,0,49.871002312076605,0.0
2022-11-20,Fighter 23,Fighter 26,4.3,0.0,0.0,19,8,37,26,0,0,1,0,0,0,34.657769974142106,14.46049727454895
2022-12-01,Fighter 27,Fighter 03,15.0,0.0,0.0,44,53,105,148,1,1,2,3,0,0,66.66950180155962,47.49885841569924
2022-12-12,Fighter 05,Fighter 12,7.5,0.0,0.0,20,23,51,50,0,0,1,1,0,1,100.99140787996393,131.09300424550145
2022-12-23,Fighter 15,Fighter 07,7.5,0.0,0.0,29,33,68,69,1,1,2,2,0,1,83.18452666547144,57.67339634556072
2023-01-03,Fighter 13,Fighter 02,15.0,0.0,0.0,47,39,116,89,1,0,2,1,0,0,1.5071213420778093,82.0698789953199
2023-01-14,Fighter 06,Fighter 29,15.0,0.0,0.0,59,58,136,116,2,1,4,2,1,0,90.36626861067248,54.635214722527294
2023-01-25,Fighter 12,Fighter 15,7.5,1.0,0.0,21,20,45,48,0,0,1,1,0,0,30.83250492720741,127.49941330602385
2023-02-05,Fighter 23,Fighter 18,15.0,1.0,0.0,71,26,140,73,1,0,3,1,0,0,107.86357904446382,9.872934209546326
2023-02-16,Fighter 10,Fighter 15,4.3,0.0,0.0,16,15,36,36,0,0,1,1,0,0,46.05113272539411,93.84791425859845
2023-02-27,Fighter 29,Fighter 21,12.2,1.0,0.0,52,46,105,122,0,1,1,2,1,0,54.44838792478323,26.586602743352422
2023-03-10,Fighter 02,Fighter 04,12.2,0.0,0.0,35,33,80,73,0,0,1,1,0,0,63.97544497573263,43.88395265895336
2023-03-21,Fighter 22,Fighter 20,7.5,0.0,0.0,15,12,36,33,0,0,1,0,1,0,111.12850847706488,22.4732959792084
2023-04-01,Fighter 22,Fighter 20,12.2,0.0,0.0,32,21,77,58,0,0,1,1,0,2,1.9441672250710766,0.0
2023-04-12,Fighter 25,Fighter 26,12.2,0.0,0.0,51,18,122,54,1,0,1,1,0,0,32.408153558993625,6.103942195179711
2023-04-23,Fighter 21,Fighter 22,12.2,0.0,0.0,33,28,87,68,1,1,2,2,1,0,123.3249259359186,0.0
2023-05-04,Fighter 01,Fighter 11,15.0,0.0,0.0,49,70,105,154,2,2,5,5,0,1,96.93422293145939,43.81112837999731
2023-05-15,Fighter 18,Fighter 03,7.5,0.0,0.0,12,30,34,84,0,0,0,1,2,0,9.124883776991918,101.83306739156234
2023-05-26,Fighter 08,Fighter 28,15.0,0.0,0.0,37,55,97,110,1,1,2,3,0,1,0.0,90.66449256241472
2023-06-06,Fighter 00,Fighter 11,15.0,0.0,0.0,48,48,114,104,1,2,2,4,1,0,60.97795540802087,109.96580466606457
2023-06-17,Fighter 07,Fighter 01,15.0,0.0,0.0,64,54,133,116,2,1,4,3,1,0,97.8818960429854,168.8157543673808
2023-06-28,Fighter 02,Fighter 19,15.0,0.0,0.0,54,41,123,114,1,0,2,1,0,0,35.338105807008695,53.39695898147475
2023-07-09,Fighter 28,Fighter 04,7.5,0.0,0.0,22,27,45,59,0,0,1,1,0,0,77.7135710619382,0.0
2023-07-20,Fighter 10,Fighter 19,15.0,1.0,0.0,53,35,113,96,2,1,4,2,1,0,132.3450592147642,38.12323064685316
2023-07-31,Fighter 11,Fighter 12,15.0,0.0,0.0,59,52,129,113,2,1,5,2,0,0,117.9141602865357,91.16901169512462
2023-08-11,Fighter 27,Fighter 25,15.0,0.0,1.0,33,56,78,133,1,1,2,2,0,0,0.0,0.0
2023-08-22,Fighter 11,Fighter 29,15.0,0.0,0.0,51,51,112,103,1,0,2,1,0,0,119.13669628371693,100.200530922355
2023-09-02,Fighter 14,Fighter 06,12.2,0.0,1.0,35,46,74,107,1,1,2,3,0,0,63.223062008639246,120.24664261235769
2023-09-13,Fighter 22,Fighter 25,15.0,0.0,0.0,34,49,82,116,0,0,1,1,0,0,3.061301747063574,11.078176694418794
2023-09-24,Fighter 05,Fighter 03,15.0,0.0,0.0,46,50,116,140,1,1,3,2,0,0,34.313186690496195,117.15463758287652
2023-10-05,Fighter 01,Fighter 13,15.0,0.0,1.0,40,42,87,104,1,2,4,5,1,2,126.14207799834864,85.58319122016223
2023-10-16,Fighter 01,Fighter 20,7.5,0.0,0.0,23,15,50,42,1,0,1,0,0,2,61.02289762731796,0.0
2023-10-27,Fighter 27,Fighter 23,12.2,0.0,0.0,28,39,67,77,1,1,1,2,0,1,16.836200081199518,33.37546234913239
2023-11-07,Fighter 22,Fighter 27,4.3,0.0,0.0,9,10,23,24,0,0,0,0,0,1,71.40078624808697,65.89962830598135
2023-11-18,Fighter 18,Fighter 00,12.2,0.0,0.0,20,33,56,78,0,1,1,2,0,1,53.09622787172398,70.03155748803758
2023-11-29,Fighter 20,Fighter 08,7.5,0.0,0.0,13,23,37,60,0,0,1,1,0,0,0.0,0.0
2023-12-10,Fighter 08,Fighter 19,15.0,0.0,0.0,48,36,123,100,1,1,2,4,0,0,89.29492490279605,77.84156389637184
2023-12-21,Fighter 19,Fighter 07,15.0,0.0,0.0,42,56,116,116,1,2,3,3,1,0,97.81668090925825,61.679053652172186
2024-01-01,Fighter 28,Fighter 06,7.5,1.0,0.0,25,33,51,76,1,1,1,2,0,0,32.46371015499039,0.0
2024-01-12,Fighter 18,Fighter 03,12.2,0.0,0.0,20,32,58,89,0,1,1,4,1,0,3.17934221412108,82.17039866489962
2024-01-23,Fighter 04,Fighter 23,15.0,0.0,0.0,74,67,164,132,0,2,1,4,0,0,0.0,105.16754459115711
2024-02-03,Fighter 22,Fighter 18,4.3,0.0,0.0,8,8,20,24,0,0,1,0,1,0,66.10439995047798,63.808089930651754
2024-02-14,Fighter 14,Fighter 13,12.2,0.0,0.0,20,43,43,107,0,1,1,2,1,1,85.24821987913916,20.670396022158393
2024-02-25,Fighter 22,Fighter 17,15.0,0.0,1.0,34,43,83,103,1,1,2,2,1,0,60.3337798030258,170.1281184704452
2024-03-07,Fighter 13,Fighter 07,4.3,0.0,0.0,13,21,31,44,0,1,1,1,1,0,48.060608237500915,62.692679114062734
2024-03-18,Fighter 00,Fighter 03,4.3,0.0,0.0,17,12,41,35,0,0,1,1,0,1,122.98960887408359,80.9045347956442
2024-03-29,Fighter 19,Fighter 13,4.3,0.0,0.0,11,13,29,33,0,0,1,1,0,0,68.68378746582188,21.95733352135486
2024-04-09,Fighter 21,Fighter 15,4.3,0.0,0.0,15,13,39,32,0,1,1,1,0,0,87.87086711848347,8.799073506410778
2024-04-20,Fighter 14,Fighter 25,15.0,0.0,0.0,55,42,118,100,0,1,1,2,0,0,22.046569151366665,100.08311746811285
2024-05-01,Fighter 24,Fighter 09,4.3,0.0,0.0,18,12,36,31,0,0,1,1,0,0,19.984467060211273,0.0
2024-05-12,Fighter 27,Fighter 02,4.3,0.0,0.0,12,13,28,30,0,0,1,1,0,0,67.12539998495734,58.77040620917267
2024-05-23,Fighter 16,Fighter 25,7.5,0.0,0.0,22,21,63,49,0,0,0,1,0,0,33.34261431213373,64.95266688169826
2024-06-03,Fighter 02,Fighter 24,15.0,0.0,0.0,38,55,86,111,1,1,2,3,0,0,79.00380488251992,53.75224834332683
2024-06-14,Fighter 14,Fighter 25,15.0,1.0,0.0,50,41,107,98,1,1,2,1,0,0,9.859714102995547,1.3342180485487205
2024-06-25,Fighter 08,Fighter 27,15.0,0.0,0.0,43,43,112,102,1,1,3,3,1,1,30.787279372159766,8.51842311367372
2024-07-06,Fighter 25,Fighter 20,15.0,1.0,1.0,41,27,97,76,1,0,2,1,1,1,59.12178111629963,61.444934286541766
2024-07-17,Fighter 09,Fighter 20,15.0,0.0,1.0,37,32,91,91,1,0,3,1,0,1,40.10003555611094,43.983621154143194
2024-07-28,Fighter 01,Fighter 28,12.2,1.0,0.0,38,50,82,100,1,1,3,3,0,0,108.1003830577415,123.86447102542715
2024-08-08,Fighter 02,Fighter 22,15.0,0.0,0.0,62,32,141,77,0,1,1,2,1,0,0.0,19.30981088824757
2024-08-19,Fighter 17,Fighter 06,7.5,0.0,0.0,22,26,53,60,1,1,1,2,0,0,104.22229562860068,82.9999671003917
2024-08-30,Fighter 00,Fighter 17,4.3,1.0,0.0,17,17,40,40,0,0,0,1,0,0,0.0,57.005710325456434
2024-09-10,Fighter 16,Fighter 05,15.0,0.0,0.0,32,37,89,95,0,1,1,3,2,3,39.20266204173721,85.91419906529188
2024-09-21,Fighter 09,Fighter 16,15.0,0.0,1.0,30,37,74,102,1,0,2,1,0,0,13.28815603293269,0.0
2024-10-02,Fighter 08,Fighter 05,7.5,0.0,0.0,29,27,75,69,0,0,1,1,0,0,118.11441832869399,54.303441531079805
2024-10-13,Fighter 02,Fighter 26,15.0,1.0,0.0,45,36,102,110,1,0,1,1,0,0,0.0,52.29645306258714
2024-10-24,Fighter 09,Fighter 18,15.0,0.0,0.0,31,27,77,76,1,0,3,1,0,0,5.649022665439254,74.77511570285837
2024-11-04,Fighter 22,Fighter 20,7.5,0.0,0.0,16,15,39,41,0,0,1,0,1,1,83.55148301042769,0.0
2024-11-15,Fighter 05,Fighter 08,12.2,0.0,0.0,44,42,111,108,1,0,3,1,2,1,72.0233990122667,42.29933632076113
2024-11-26,Fighter 17,Fighter 22,4.3,0.0,1.0,14,8,34,20,0,0,1,1,0,0,42.61312327338669,70.1868396885022
2024-12-07,Fighter 00,Fighter 10,15.0,0.0,0.0,55,56,130,121,1,1,2,1,1,0,60.25108795288295,60.341036759065744
2024-12-18,Fighter 16,Fighter 12,12.2,0.0,0.0,33,43,91,94,0,1,1,2,0,0,0.0,49.12981258212597
2024-12-29,Fighter 22,Fighter 21,7.5,0.0,0.0,17,28,41,76,0,1,1,1,0,0,55.80219369832365,66.47375049900889
2025-01-09,Fighter 27,Fighter 16,4.3,0.0,1.0,13,14,30,38,0,0,1,0,0,0,82.43176772114487,68.0014411759879
2025-01-20,Fighter 04,Fighter 12,4.3,0.0,0.0,15,18,34,39,0,0,0,1,0,0,97.67493103217521,35.90005388704627
2025-01-31,Fighter 29,Fighter 11,4.3,0.0,0.0,17,19,33,41,0,0,0,1,1,0,82.31292245301132,43.90027474255935
2025-02-11,Fighter 16,Fighter 05,15.0,0.0,0.0,35,53,98,135,0,1,1,4,0,0,0.0,73.73055690661148
2025-02-22,Fighter 02,Fighter 16,7.5,0.0,0.0,15,25,35,70,0,0,0,1,1,0,0.0,34.20440004158669
2025-03-05,Fighter 22,Fighter 18,7.5,0.0,0.0,17,12,41,34,0,0,1,1,0,1,25.111593498211292,38.14545932741033
2025-03-16,Fighter 28,Fighter 13,15.0,0.0,0.0,54,55,109,137,1,1,2,2,0,0,36.05249971604984,60.55660203809343
2025-03-27,Fighter 14,Fighter 27,15.0,0.0,0.0,49,51,106,121,1,1,1,2,1,1,29.723508257420683,21.359990655927987
2025-04-07,Fighter 02,Fighter 25,15.0,0.0,1.0,64,43,147,101,1,1,1,2,1,0,49.941592549623444,65.43442353714266
2025-04-18,Fighter 15,Fighter 23,4.3,0.0,0.0,19,20,45,39,1,0,1,1,0,0,59.371859813486424,129.0
2025-04-29,Fighter 22,Fighter 27,4.3,0.0,0.0,10,15,24,35,0,0,0,1,0,0,8.64830590475798,41.073662292203956
2025-05-10,Fighter 25,Fighter 23,4.3,0.0,0.0,14,19,34,37,0,0,0,1,1,0,48.03222663944305,19.971074736475067
2025-05-21,Fighter 09,Fighter 23,7.5,0.0,0.0,16,29,40,57,0,1,1,1,0,0,4.387639874599067,107.38225959958724
2025-06-01,Fighter 27,Fighter 24,12.2,0.0,0.0,35,38,84,77,1,1,1,3,0,0,75.96188577856756,83.3056228699242
2025-06-12,Fighter 22,Fighter 25,4.3,0.0,0.0,8,18,20,42,0,0,0,0,0,0,21.866640013074502,68.55313501466227
2025-06-23,Fighter 16,Fighter 04,15.0,0.0,0.0,54,51,151,114,0,1,1,2,0,0,0.0,41.09438209795058
2025-07-04,Fighter 24,Fighter 05,7.5,1.0,0.0,28,23,57,59,0,0,1,0,0,0,116.33338338712372,46.3014598990128
2025-07-15,Fighter 00,Fighter 14,7.5,0.0,1.0,23,27,54,58,0,0,1,1,1,0,83.58645964515638,21.431989582845432
2025-07-26,Fighter 19,Fighter 13,4.3,0.0,0.0,14,10,39,25,0,0,1,1,0,0,29.68894056056801,59.13913636477462
2025-08-06,Fighter 00,Fighter 03,7.5,0.0,0.0,28,21,68,59,1,1,1,2,0,0,0.0,61.77323458747398
2025-08-17,Fighter 06,Fighter 07,15.0,0.0,0.0,65,54,150,111,2,2,4,5,0,0,100.35337209809573,152.11066729631165
2025-08-28,Fighter 24,Fighter 02,12.2,0.0,0.0,35,40,70,91,1,0,2,1,0,0,103.73164560751056,0.0
2025-09-08,Fighter 19,Fighter 29,15.0,1.0,0.0,31,62,85,125,1,1,2,2,0,2,88.33672441269434,19.848019775166303
2025-09-19,Fighter 21,Fighter 03,15.0,0.0,1.0,53,37,142,104,2,1,4,3,2,0,60.25592358810161,66.78632960173059
2025-09-30,Fighter 03,Fighter 24,15.0,0.0,0.0,35,49,99,101,1,1,3,2,3,1,5.64268053375303,98.06826223691338
2025-10-11,Fighter 05,Fighter 17,15.0,0.0,0.0,46,50,117,119,1,2,3,4,0,1,61.15776321174614,51.995413771889964
2025-10-22,Fighter 13,Fighter 15,7.5,0.0,0.0,17,28,42,66,1,1,2,1,0,0,126.93497243573646,87.15074747923789
2025-11-02,Fighter 04,Fighter 01,7.5,0.0,0.0,31,19,68,41,0,1,1,2,0,0,11.015745426459247,116.82114946609464
